LOADED_QIT_MODULE QIT.Init
LOADED_QIT_MODULE QIT.Core.System
LOADED_QIT_MODULE QIT.Util.Matrix
LOADED_QIT_MODULE QIT.Core.State
LOADED_QIT_MODULE QIT.Classical.Ensemble
LOADED_QIT_MODULE QIT.Util.Matrix.PosSqrt
LOADED_QIT_MODULE QIT.States.PosSqrt
LOADED_QIT_MODULE QIT.States.TraceNorm.Distance
LOADED_QIT_MODULE QIT.Classical.CQState
LOADED_QIT_MODULE QIT.Core.Pure
LOADED_QIT_MODULE QIT.States.Purification.Predicate
LOADED_QIT_MODULE QIT.States.Purification.Gram
LOADED_QIT_MODULE QIT.Core.Map
LOADED_QIT_MODULE QIT.Core.Measurement
LOADED_QIT_MODULE QIT.Core.Channel
LOADED_QIT_MODULE QIT.Core.POVMProbability
LOADED_QIT_MODULE QIT.Classical.Bridge
LOADED_QIT_MODULE QIT.Util.SDP.PSDCone
LOADED_QIT_MODULE QIT.Util.SDP.HermitianPSDTraceDuality
LOADED_QIT_MODULE QIT.States.TraceNorm.Spectral
LOADED_QIT_MODULE QIT.States.TraceNorm.PositivePart
LOADED_QIT_MODULE QIT.States.Purification.GramFacts
LOADED_QIT_MODULE QIT.States.Purification.PartialIsometry
LOADED_QIT_MODULE QIT.States.Purification.ReferenceExtension
LOADED_QIT_MODULE QIT.States.Purification.ReferenceIsometry
LOADED_QIT_MODULE QIT.States.Purification.GramFactorization
LOADED_QIT_MODULE QIT.States.Purification.ReferenceUnitary
LOADED_QIT_MODULE QIT.Util.BlockMatrix
LOADED_QIT_MODULE QIT.States.TraceNorm.BlockMatrix
LOADED_QIT_MODULE QIT.States.TraceNorm.Variational
LOADED_QIT_MODULE QIT.Channels.Diamond
LOADED_QIT_MODULE QIT.States.Geometry.Fidelity
LOADED_QIT_MODULE QIT.States.Subnormalized
LOADED_QIT_MODULE QIT.States.SubnormalizedTopology
LOADED_QIT_MODULE QIT.States.Purification.PureGeometry
LOADED_QIT_MODULE QIT.States.Schatten
LOADED_QIT_MODULE QIT.States.MaximallyMixed
LOADED_QIT_MODULE QIT.States.MaximallyEntangled
LOADED_QIT_MODULE QIT.States.Purification.Equivalence
LOADED_QIT_MODULE QIT.States.Purification.Canonical
LOADED_QIT_MODULE QIT.States.Purification.Uhlmann
LOADED_QIT_MODULE QIT.States.Geometry.PurifiedDistance
LOADED_QIT_MODULE QIT.States.Topology
LOADED_QIT_MODULE QIT.Information.Entropy.Entropy
LOADED_QIT_MODULE QIT.Information.Entropy.Holevo
LOADED_QIT_MODULE QIT.Information.Entropy.RelativeEntropyTraceLog
LOADED_QIT_MODULE QIT.Information.Entropy.Log2Lemmas
LOADED_QIT_MODULE QIT.Information.Renyi.Renyi
LOADED_QIT_MODULE QIT.Information.Renyi.ConditionalRenyi
LOADED_QIT_MODULE QIT.Information.Renyi.RenyiDPIStatement
LOADED_QIT_MODULE QIT.Measurements.Map
LOADED_QIT_MODULE QIT.Measurements.Projective
LOADED_QIT_MODULE QIT.Information.Renyi.RenyiDPI.Domain
LOADED_QIT_MODULE QIT.States.TraceNorm.PositivePartBlock
LOADED_QIT_MODULE QIT.States.TraceNorm.Audenaert
LOADED_QIT_MODULE QIT.Util.CMatrixCLM
LOADED_QIT_MODULE QIT.Information.Renyi.FrankLieb.ScalarOperator
LOADED_QIT_MODULE QIT.Information.Renyi.FrankLieb.Variational
LOADED_QIT_MODULE QIT.Information.Renyi.FrankLieb.Concavity
LOADED_QIT_MODULE QIT.Information.Renyi.RenyiDPI.HighAlpha
LOADED_QIT_MODULE QIT.Information.Renyi.RenyiDPI.LowAlpha
LOADED_QIT_MODULE QIT.Information.Renyi.FrankLieb.DPI
LOADED_QIT_MODULE QIT.Information.Renyi.RenyiDPI.TraceLogBridge
LOADED_QIT_MODULE QIT.Information.Renyi.RenyiDPI.AlphaToOne
LOADED_QIT_MODULE QIT.Information.Entropy.RelativeEntropyDPI
LOADED_QIT_MODULE QIT.Information.Entropy.EntropyTensorPower
LOADED_QIT_MODULE QIT.States.PosSqrtOrder
LOADED_QIT_MODULE QIT.States.Product
LOADED_QIT_MODULE QIT.States.Geometry.FidelityConcavity
LOADED_QIT_MODULE QIT.States.SubnormalizedConvexity
LOADED_QIT_MODULE QIT.States.Purification.Conditioning
LOADED_QIT_MODULE QIT.States.Purification.Schatten
LOADED_QIT_MODULE QIT.States.Geometry.PureTargetFidelity
LOADED_QIT_MODULE QIT.States.Geometry.FuchsVdG
LOADED_QIT_MODULE QIT.States.Geometry.PurifiedDistanceAngle
LOADED_QIT_MODULE QIT.States.Geometry
LOADED_QIT_MODULE QIT.States
LOADED_QIT_MODULE QIT.Information.BinaryHypothesisTest.Basic
LOADED_QIT_MODULE QIT.Core.Map.ChoiCharacterization
LOADED_QIT_MODULE QIT.Core.Components
LOADED_QIT_MODULE QIT.Core
LOADED_QIT_MODULE QIT.Information.BinaryHypothesisTest.Classical
LOADED_QIT_MODULE QIT.Information.BinaryHypothesisTest.Spectral
LOADED_QIT_MODULE QIT.Information.BinaryHypothesisTest
LOADED_QIT_MODULE QIT.Information.Entropy.MutualInformationDPI
LOADED_QIT_MODULE QIT.Util.TensorPower
LOADED_QIT_MODULE QIT.Coding.Classical.HSW
LOADED_QIT_MODULE QIT.Information.CQChannel
LOADED_QIT_MODULE QIT.HypothesisTesting.Basic
LOADED_QIT_MODULE QIT.HypothesisTesting.MutualInformation
LOADED_QIT_MODULE QIT.HypothesisTesting.ComparatorTest
LOADED_QIT_MODULE QIT.Coding.Classical.RandomnessDistribution
LOADED_QIT_MODULE QIT.Information.Entropy.StrongSubadditivity
LOADED_QIT_MODULE QIT.Information.Entropy.ConditionalEntropyConcavity
LOADED_QIT_MODULE QIT.Information.AlickiFannesWinter
LOADED_QIT_MODULE QIT.Coding.Classical.HSWConverse
LOADED_QIT_MODULE QIT.Coding.Private.Basic
LOADED_QIT_MODULE QIT.Coding.Private.RareSignal
LOADED_QIT_MODULE QIT.Coding.Private.BinaryHolevo
LOADED_QIT_MODULE QIT.Coding.Private.CapacityBounds
LOADED_QIT_MODULE QIT.Coding.Private.TransposeCriterion
LOADED_QIT_MODULE QIT.Coding.Private.ExplicitChannel
LOADED_QIT_MODULE QIT.Coding.Private.HalfErasure
LOADED_QIT_MODULE QIT.Coding.Private.ProductComplement
LOADED_QIT_MODULE QIT.Coding.Private.QubitEncoding
LOADED_QIT_MODULE QIT.Coding.Private.SimulatorData
LOADED_QIT_MODULE QIT.Coding.Private.QubitCertificates
LOADED_QIT_MODULE QIT.Coding.Private.QubitReceiver
LOADED_QIT_MODULE QIT.Coding.Private.QubitEnvironment
LOADED_QIT_MODULE QIT.Coding.Private.QubitEvent
LOADED_QIT_MODULE QIT.Coding.Private.QubitRates
LOADED_QIT_MODULE QIT.Coding.Private.QubitProduct
LOADED_QIT_MODULE QIT.Coding.Private.QubitDeformedEncoding
LOADED_QIT_MODULE QIT.Coding.Private.QubitDeformedData
LOADED_QIT_MODULE QIT.Coding.Private.QubitDeformedEnvironmentTable
LOADED_QIT_MODULE QIT.Coding.Private.QubitDeformedMatrices
LOADED_QIT_MODULE QIT.Coding.Private.QubitDeformedOutputs
LOADED_QIT_MODULE QIT.Coding.Private.QubitEntropyIntervals
LOADED_QIT_MODULE QIT.Coding.Private.QubitDeformedSpectrum
LOADED_QIT_MODULE QIT.Coding.Private.QubitDeformedNumerics
LOADED_QIT_MODULE QIT.Coding.Private.QubitFullReceiver
LOADED_QIT_MODULE QIT.Coding.Private.QubitFullEnvironment
LOADED_QIT_MODULE QIT.Coding.Private.QubitDeformedMeasurement
LOADED_QIT_MODULE QIT.Coding.Private.QubitDeformedEntropy
LOADED_QIT_MODULE QIT.Coding.Private.QubitDeformedEnsemble
LOADED_QIT_MODULE QIT.Coding.Private.QubitDeformedFlaggedMeasurement
LOADED_QIT_MODULE QIT.Coding.Private.QubitDeformedMeasuredTable
LOADED_QIT_MODULE QIT.Coding.Private.QubitDeformedDiagonalEntropy
LOADED_QIT_MODULE QIT.Coding.Private.QubitDeformedRate
LOADED_QIT_MODULE QIT.Coding.Private.QubitReference
LOADED_QIT_MODULE QIT.Coding.Private.QubitStructure
LOADED_QIT_MODULE QIT.Coding.Private.SimulatorCertificate
LOADED_QIT_MODULE QIT.Coding.Private.TransposeSimulation
LOADED_QIT_MODULE QIT.Coding.Private.QubitSuperactivation
LOADED_QIT_MODULE QIT.Coding.Private.QubitDeformedSuperactivation
AUDIT QIT.binary_preparation_information_upper : [propext, Classical.choice, Quot.sound]
AUDIT QIT.complementN_completelyPositive : [propext, Classical.choice, Quot.sound]
AUDIT QIT.complementN_isComplementOf : [propext, Classical.choice, Quot.sound]
AUDIT QIT.complementN_isTracePreserving : [propext, Classical.choice, Quot.sound]
AUDIT QIT.complementN_one_diagonal : [propext, Classical.choice, Quot.sound]
AUDIT QIT.conjTranspose_sumSwapMinv : [propext, Classical.choice, Quot.sound]
AUDIT QIT.cqState_applyState_prod_id : [propext, Classical.choice, Quot.sound]
AUDIT QIT.eigenvalues_hermitian_transpose : [propext, Classical.choice, Quot.sound]
AUDIT QIT.erasure2_isComplementOf : [propext, Classical.choice, Quot.sound]
AUDIT QIT.erasure2_privateCapacity_eq_zero : [propext, Classical.choice, Quot.sound]
AUDIT QIT.erasure4_apply : [propext, Classical.choice, Quot.sound]
AUDIT QIT.erasure4_isComplementOf : [propext, Classical.choice, Quot.sound]
AUDIT QIT.erasure4_privateCapacity_eq_zero : [propext, Classical.choice, Quot.sound]
AUDIT QIT.erasureComplementMap : [propext, Classical.choice, Quot.sound]
AUDIT QIT.erasureComplementMap_isTracePreserving : [propext, Classical.choice, Quot.sound]
AUDIT QIT.erasureEmbed : [propext, Classical.choice, Quot.sound]
AUDIT QIT.erasureEmbed_apply_inl : [propext, Classical.choice, Quot.sound]
AUDIT QIT.erasureEmbed_apply_inr : [propext, Classical.choice, Quot.sound]
AUDIT QIT.erasureEmbed_conjTranspose_mul_self : [propext, Classical.choice, Quot.sound]
AUDIT QIT.erasureEmbed_conj_mul : [propext, Classical.choice, Quot.sound]
AUDIT QIT.erasureFlag_conj_mul : [propext, Classical.choice, Quot.sound]
AUDIT QIT.erasureInvSqrtTwo : [propext, Classical.choice, Quot.sound]
AUDIT QIT.erasureInvSqrtTwo_mul_self : [propext, Classical.choice, Quot.sound]
AUDIT QIT.erasureInvSqrtTwo_mul_star_self : [propext, Classical.choice, Quot.sound]
AUDIT QIT.erasureKraus : [propext, Classical.choice, Quot.sound]
AUDIT QIT.erasureKraus_inl : [propext, Classical.choice, Quot.sound]
AUDIT QIT.erasureKraus_inr : [propext, Classical.choice, Quot.sound]
AUDIT QIT.erasureKraus_krausAdjoint_one : [propext, Classical.choice, Quot.sound]
AUDIT QIT.erasureKraus_sum : [propext, Classical.choice, Quot.sound]
AUDIT QIT.halfErasureComplement_eq_swap : [propext, Classical.choice, Quot.sound]
AUDIT QIT.halfErasure_antidegradable : [propext, Classical.choice, Quot.sound]
AUDIT QIT.halfErasure_antidegradable_sumSwapInv : [propext, Classical.choice, Quot.sound]
AUDIT QIT.halfErasure_apply : [propext, Classical.choice, Quot.sound]
AUDIT QIT.halfErasure_isComplementOf : [propext, Classical.choice, Quot.sound]
AUDIT QIT.halfErasure_privateCapacity_eq_zero : [propext, Classical.choice, Quot.sound]
AUDIT QIT.hermitian_transpose : [propext, Classical.choice, Quot.sound]
AUDIT QIT.krausN : [propext, Classical.choice, Quot.sound]
AUDIT QIT.krausN_krausAdjoint_one : [propext, Classical.choice, Quot.sound]
AUDIT QIT.krausN_succ : [propext, Classical.choice, Quot.sound]
AUDIT QIT.krausN_sum : [propext, Classical.choice, Quot.sound]
AUDIT QIT.krausN_zero : [propext, Classical.choice, Quot.sound]
AUDIT QIT.kron_complementOfKraus : [propext, Classical.choice, Quot.sound]
AUDIT QIT.kron_ofKraus : [propext, Classical.choice, Quot.sound]
AUDIT QIT.kronecker_transpose : [propext, Classical.choice, Quot.sound]
AUDIT QIT.posSemidef_transpose : [propext, Classical.choice, Quot.sound]
AUDIT QIT.privateN_apply_one : [propext, Classical.choice, Quot.sound]
AUDIT QIT.privateN_privateCapacity_eq_zero : [propext, Classical.choice, Quot.sound]
AUDIT QIT.product_erasureComplement_erased : [propext, Classical.choice, Quot.sound]
AUDIT QIT.product_erasureComplement_transmitted : [propext, Classical.choice, Quot.sound]
AUDIT QIT.product_erasure_erased : [propext, Classical.choice, Quot.sound]
AUDIT QIT.product_erasure_transmitted : [propext, Classical.choice, Quot.sound]
AUDIT QIT.rare_event_information_lower : [propext, Classical.choice, Quot.sound]
AUDIT QIT.simulatorD_completelyPositive : [propext, Classical.choice, Quot.sound]
AUDIT QIT.simulatorD_isTracePreserving : [propext, Classical.choice, Quot.sound]
AUDIT QIT.simulatorD_mapsPositive : [propext, Classical.choice, Quot.sound]
AUDIT QIT.simulatorKraus : [propext, Classical.choice, Quot.sound]
AUDIT QIT.simulatorKrausA : [propext, Classical.choice, Quot.sound]
AUDIT QIT.simulatorKrausB : [propext, Classical.choice, Quot.sound]
AUDIT QIT.simulatorKraus_krausAdjoint_one : [propext, Classical.choice, Quot.sound]
AUDIT QIT.simulator_identity : [propext, Classical.choice, Quot.sound]
AUDIT QIT.simulator_matrix_unit : [propext, Classical.choice, Quot.sound]
AUDIT QIT.star_erasureInvSqrtTwo : [propext, Classical.choice, Quot.sound]
AUDIT QIT.star_erasureInvSqrtTwo_mul_self : [propext, Classical.choice, Quot.sound]
AUDIT QIT.sumSwapInv_map_sumSwap_map : [propext, Classical.choice, Quot.sound]
AUDIT QIT.sumSwapM : [propext, Classical.choice, Quot.sound]
AUDIT QIT.sumSwapM_conjTranspose_mul_self : [propext, Classical.choice, Quot.sound]
AUDIT QIT.sumSwapM_fromBlocks_conjTranspose : [propext, Classical.choice, Quot.sound]
AUDIT QIT.sumSwapM_mul_sumSwapMinv : [propext, Classical.choice, Quot.sound]
AUDIT QIT.sumSwapMap : []
AUDIT QIT.sumSwapMap' : []
AUDIT QIT.sumSwapMap'_inj : []
AUDIT QIT.sumSwapMap'_involution : []
AUDIT QIT.sumSwapMap_inj : []
AUDIT QIT.sumSwapMap_involution : []
AUDIT QIT.sumSwapMinv : [propext, Classical.choice, Quot.sound]
AUDIT QIT.sumSwapMinv_conjTranspose_mul_self : [propext, Classical.choice, Quot.sound]
AUDIT QIT.sumSwapMinv_eq_conjTranspose : [propext, Classical.choice, Quot.sound]
AUDIT QIT.sumSwapMinv_mul_sumSwapM : [propext, Classical.choice, Quot.sound]
AUDIT QIT.tM : [propext, Classical.choice, Quot.sound]
AUDIT QIT.tM_apply : [propext, Classical.choice, Quot.sound]
AUDIT QIT.tM_star : [propext, Classical.choice, Quot.sound]
AUDIT QIT.tM_sum : [propext, Classical.choice, Quot.sound]
AUDIT QIT.tM_symmetric_entry : [propext, Classical.choice, Quot.sound]
AUDIT QIT.tM_transpose : [propext, Classical.choice, Quot.sound]
AUDIT QIT.yM : [propext, Classical.choice, Quot.sound]
AUDIT QIT.yM_apply : [propext, Classical.choice, Quot.sound]
AUDIT QIT.yM_conjTranspose_mul_self : [propext, Classical.choice, Quot.sound]
AUDIT QIT.yM_transpose_neg : [propext, Classical.choice, Quot.sound]
AUDIT finProdFinEquiv.eq_1 : [propext, Classical.choice, Quot.sound]
AUDIT _private.QIT.Coding.Private.BinaryHolevo.0.QIT.binary_measure_entropy : [propext, Classical.choice, Quot.sound]
AUDIT _private.QIT.Coding.Private.CapacityBounds.0.QIT.log2_card_nonneg : [propext, Classical.choice, Quot.sound]
AUDIT _private.QIT.Coding.Private.CapacityBounds.0.QIT.tensorPower_card_for_private : [propext,
 Classical.choice,
 Quot.sound]
AUDIT _private.QIT.Coding.Private.ExplicitChannel.0.QIT.real_smul_contraction : [propext, Classical.choice, Quot.sound]
AUDIT _private.QIT.Coding.Private.ExplicitChannel.0.QIT.real_smul_cov : [propext, Classical.choice, Quot.sound]
AUDIT _private.QIT.Coding.Private.HalfErasure.0.QIT.erasureComplementMap_eq_comp : [propext,
 Classical.choice,
 Quot.sound]
AUDIT _private.QIT.Coding.Private.HalfErasure.0.QIT.erasureComplementMap_eq_swap : [propext,
 Classical.choice,
 Quot.sound]
AUDIT _private.QIT.Coding.Private.HalfErasure.0.QIT.erasureFlag_conjTranspose_mul_single : [propext,
 Classical.choice,
 Quot.sound]
AUDIT _private.QIT.Coding.Private.HalfErasure.0.QIT.fin1_eq_zero : [propext, Quot.sound]
AUDIT _private.QIT.Coding.Private.HalfErasure.0.QIT.sum_fin1 : [propext, Classical.choice, Quot.sound]
AUDIT _private.QIT.Coding.Private.HalfErasure.0.QIT.trace_one_fin1 : [propext, Classical.choice, Quot.sound]
AUDIT _private.QIT.Coding.Private.TransposeCriterion.0.QIT.ensembleExt : [propext, Classical.choice, Quot.sound]
AUDIT Complex.ofRealHom.eq_1 : [propext, Classical.choice, Quot.sound]
AUDIT QIT.BinaryPreparation.bernoulliState : [propext, Classical.choice, Quot.sound]
AUDIT QIT.BinaryPreparation.bernoulliState_entropy : [propext, Classical.choice, Quot.sound]
AUDIT QIT.BinaryPreparation.bernoulliState_matrix : [propext, Classical.choice, Quot.sound]
AUDIT QIT.BinaryPreparation.flagState : [propext, Classical.choice, Quot.sound]
AUDIT QIT.BinaryPreparation.flagState_entropy : [propext, Classical.choice, Quot.sound]
AUDIT QIT.BinaryPreparation.flagState_matrix : [propext, Classical.choice, Quot.sound]
AUDIT QIT.BinaryPreparation.holevo_le_source : [propext, Classical.choice, Quot.sound]
AUDIT QIT.BinaryPreparation.preparingChannel : [propext, Classical.choice, Quot.sound]
AUDIT QIT.BinaryPreparation.preparingChannel_letters : [propext, Classical.choice, Quot.sound]
AUDIT QIT.BinaryPreparation.residual : [propext, Classical.choice, Quot.sound]
AUDIT QIT.BinaryPreparation.residual_reconstruct : [propext, Classical.choice, Quot.sound]
AUDIT QIT.BinaryPreparation.sourceEnsemble : [propext, Classical.choice, Quot.sound]
AUDIT QIT.BinaryPreparation.sourceEnsemble_average : [propext, Classical.choice, Quot.sound]
AUDIT QIT.BinaryPreparation.sourceEnsemble_holevo : [propext, Classical.choice, Quot.sound]
AUDIT QIT.Channel.IsComplementOf : [propext, Classical.choice, Quot.sound]
AUDIT QIT.Channel.applyState_comp_antidegradable : [propext, Classical.choice, Quot.sound]
AUDIT QIT.Channel.applyState_comp_simulator_transpose : [propext, Classical.choice, Quot.sound]
AUDIT QIT.Channel.blockPrivateInformation : [propext, Classical.choice, Quot.sound]
AUDIT QIT.Channel.complementN : [propext, Classical.choice, Quot.sound]
AUDIT QIT.Channel.erasure2 : [propext, Classical.choice, Quot.sound]
AUDIT QIT.Channel.erasure2Complement : [propext, Classical.choice, Quot.sound]
AUDIT QIT.Channel.erasure4 : [propext, Classical.choice, Quot.sound]
AUDIT QIT.Channel.erasure4Complement : [propext, Classical.choice, Quot.sound]
AUDIT QIT.Channel.halfErasure : [propext, Classical.choice, Quot.sound]
AUDIT QIT.Channel.halfErasureComplement : [propext, Classical.choice, Quot.sound]
AUDIT QIT.Channel.outputEnsemble_comp_antidegradable : [propext, Classical.choice, Quot.sound]
AUDIT QIT.Channel.outputEnsemble_tensorPowerOne : [propext, Classical.choice, Quot.sound]
AUDIT QIT.Channel.outputEnsemble_transpose_simulator : [propext, Classical.choice, Quot.sound]
AUDIT QIT.Channel.privateCapacity : [propext, Classical.choice, Quot.sound]
AUDIT QIT.Channel.privateCapacityRateValues : [propext, Classical.choice, Quot.sound]
AUDIT QIT.Channel.privateCapacityRateValues_bddAbove : [propext, Classical.choice, Quot.sound]
AUDIT QIT.Channel.privateCapacity_eq_zero_of_antidegradable : [propext, Classical.choice, Quot.sound]
AUDIT QIT.Channel.privateCapacity_eq_zero_of_block_le : [propext, Classical.choice, Quot.sound]
AUDIT QIT.Channel.privateCapacity_eq_zero_of_transpose_simulator : [propext, Classical.choice, Quot.sound]
AUDIT QIT.Channel.privateInformation : [propext, Classical.choice, Quot.sound]
AUDIT QIT.Channel.privateInformationValues : [propext, Classical.choice, Quot.sound]
AUDIT QIT.Channel.privateInformationValues_bddAbove : [propext, Classical.choice, Quot.sound]
AUDIT QIT.Channel.privateInformationWith : [propext, Classical.choice, Quot.sound]
AUDIT QIT.Channel.privateInformationWith_constant_eq_zero : [propext, Classical.choice, Quot.sound]
AUDIT QIT.Channel.privateInformationWith_le_log_card : [propext, Classical.choice, Quot.sound]
AUDIT QIT.Channel.privateInformationWith_le_privateCapacity : [propext, Classical.choice, Quot.sound]
AUDIT QIT.Channel.privateInformationWith_le_zero_of_antidegradable : [propext, Classical.choice, Quot.sound]
AUDIT QIT.Channel.privateInformationWith_le_zero_of_transpose_simulator : [propext, Classical.choice, Quot.sound]
AUDIT QIT.Channel.privateInformation_le_log_card : [propext, Classical.choice, Quot.sound]
AUDIT QIT.Channel.privateN : [propext, Classical.choice, Quot.sound]
AUDIT QIT.Channel.simulatorD : [propext, Classical.choice, Quot.sound]
AUDIT QIT.Channel.sumSwap : [propext, Classical.choice, Quot.sound]
AUDIT QIT.Channel.sumSwapInv : [propext, Classical.choice, Quot.sound]
AUDIT QIT.Channel.tensorPower_comp_antidegradable : [propext, Classical.choice, Quot.sound]
AUDIT QIT.Channel.tensorPower_simulator_transpose : [propext, Classical.choice, Quot.sound]
AUDIT QIT.Ensemble.averageState_transposeEnsemble : [propext, Classical.choice, Quot.sound]
AUDIT QIT.Ensemble.binary_event_holevo_lower : [propext, Classical.choice, Quot.sound]
AUDIT QIT.Ensemble.constantEnsemble : [propext, Classical.choice, Quot.sound]
AUDIT QIT.Ensemble.holevoInformation_constantEnsemble : [propext, Classical.choice, Quot.sound]
AUDIT QIT.Ensemble.holevoInformation_eq_mutualInformation_cqState : [propext, Classical.choice, Quot.sound]
AUDIT QIT.Ensemble.holevoInformation_nonneg : [propext, Classical.choice, Quot.sound]
AUDIT QIT.Ensemble.holevoInformation_outputEnsemble_le : [propext, Classical.choice, Quot.sound]
AUDIT QIT.Ensemble.holevoInformation_transpose : [propext, Classical.choice, Quot.sound]
AUDIT QIT.Ensemble.tensorPowerOne : [propext, Classical.choice, Quot.sound]
AUDIT QIT.Ensemble.tensorPowerOne_averageState : [propext, Classical.choice, Quot.sound]
AUDIT QIT.Ensemble.tensorPowerOne_holevoInformation : [propext, Classical.choice, Quot.sound]
AUDIT QIT.Ensemble.transposeEnsemble : [propext, Classical.choice, Quot.sound]
AUDIT QIT.MatrixMap.complementOfKraus : [propext, Classical.choice, Quot.sound]
AUDIT QIT.MatrixMap.complementOfKraus_apply : [propext, Classical.choice, Quot.sound]
AUDIT QIT.MatrixMap.complementOfKraus_completelyPositive : [propext, Classical.choice, Quot.sound]
AUDIT QIT.MatrixMap.complementOfKraus_eq_ofKraus : [propext, Classical.choice, Quot.sound]
AUDIT QIT.MatrixMap.kron_transposeMap_apply : [propext, Classical.choice, Quot.sound]
AUDIT QIT.MatrixMap.transposeMap : [propext, Classical.choice, Quot.sound]
AUDIT QIT.MatrixMap.transposeMap_apply : [propext, Classical.choice, Quot.sound]
AUDIT QIT.MatrixMap.transposeMap_kronecker : [propext, Classical.choice, Quot.sound]
AUDIT QIT.MatrixMap.transposeMap_transposeMap : [propext, Classical.choice, Quot.sound]
AUDIT QIT.QubitActivation.DeformedBlocks : []
AUDIT QIT.QubitActivation.DeformedOutcome : []
AUDIT QIT.QubitActivation.ProductEnvironment : []
AUDIT QIT.QubitActivation.ProductInput : []
AUDIT QIT.QubitActivation.ProductReceiver : []
AUDIT QIT.QubitActivation.RA : []
AUDIT QIT.QubitActivation.RE : []
AUDIT QIT.QubitActivation.beta0 : [propext, Classical.choice, Quot.sound]
AUDIT QIT.QubitActivation.beta1 : [propext, Classical.choice, Quot.sound]
AUDIT QIT.QubitActivation.branchProbability : [propext, Classical.choice, Quot.sound]
AUDIT QIT.QubitActivation.certifiedRate : [propext, Classical.choice, Quot.sound]
AUDIT QIT.QubitActivation.certifiedRate_gt : [propext, Classical.choice, Quot.sound]
AUDIT QIT.QubitActivation.certifiedRate_pos : [propext, Classical.choice, Quot.sound]
AUDIT QIT.QubitActivation.coordinate_measure_preserves_diagonal : [propext, Classical.choice, Quot.sound]
AUDIT QIT.QubitActivation.deformationNorm : [propext, Classical.choice, Quot.sound]
AUDIT QIT.QubitActivation.deformationNorm_pos : [propext, Classical.choice, Quot.sound]
AUDIT QIT.QubitActivation.deformedAverage : [propext, Classical.choice, Quot.sound]
AUDIT QIT.QubitActivation.deformedB : [propext, Classical.choice, Quot.sound]
AUDIT QIT.QubitActivation.deformedBEntropy_table : [propext, Classical.choice, Quot.sound]
AUDIT QIT.QubitActivation.deformedBTable : [propext, Classical.choice, Quot.sound]
AUDIT QIT.QubitActivation.deformedB_entropy : [propext, Classical.choice, Quot.sound]
AUDIT QIT.QubitActivation.deformedB_matrix : [propext, Classical.choice, Quot.sound]
AUDIT QIT.QubitActivation.deformedBase : [propext, Classical.choice, Quot.sound]
AUDIT QIT.QubitActivation.deformedBase_helper_marginal : [propext, Classical.choice, Quot.sound]
AUDIT QIT.QubitActivation.deformedBase_normalized_vectors : [propext, Classical.choice, Quot.sound]
AUDIT QIT.QubitActivation.deformedBase_one : [propext, Classical.choice, Quot.sound]
AUDIT QIT.QubitActivation.deformedBeta : [propext, Classical.choice, Quot.sound]
AUDIT QIT.QubitActivation.deformedBetaTable : [propext, Classical.choice, Quot.sound]
AUDIT QIT.QubitActivation.deformedBetaTable_correct : [propext, Classical.choice, Quot.sound]
AUDIT QIT.QubitActivation.deformedBetaTable_measurement : [propext, Classical.choice, Quot.sound]
AUDIT QIT.QubitActivation.deformedBeta_matrix : [propext, Classical.choice, Quot.sound]
AUDIT QIT.QubitActivation.deformedBlock0 : [propext, Classical.choice, Quot.sound]
AUDIT QIT.QubitActivation.deformedBlock0_charpoly : [propext, Classical.choice, Quot.sound]
AUDIT QIT.QubitActivation.deformedBlock1 : [propext, Classical.choice, Quot.sound]
AUDIT QIT.QubitActivation.deformedBlock1_charpoly : [propext, Classical.choice, Quot.sound]
AUDIT QIT.QubitActivation.deformedBlock2 : [propext, Classical.choice, Quot.sound]
AUDIT QIT.QubitActivation.deformedBlock2_charpoly : [propext, Classical.choice, Quot.sound]
AUDIT QIT.QubitActivation.deformedBlock3 : [propext, Classical.choice, Quot.sound]
AUDIT QIT.QubitActivation.deformedBlock3_charpoly : [propext, Classical.choice, Quot.sound]
AUDIT QIT.QubitActivation.deformedBlock4 : [propext, Classical.choice, Quot.sound]
AUDIT QIT.QubitActivation.deformedBlock4_charpoly : [propext, Classical.choice, Quot.sound]
AUDIT QIT.QubitActivation.deformedBlock5 : [propext, Classical.choice, Quot.sound]
AUDIT QIT.QubitActivation.deformedBlock5_charpoly : [propext, Classical.choice, Quot.sound]
AUDIT QIT.QubitActivation.deformedBlock6 : [propext, Classical.choice, Quot.sound]
AUDIT QIT.QubitActivation.deformedBlock6_charpoly : [propext, Classical.choice, Quot.sound]
AUDIT QIT.QubitActivation.deformedBlock7 : [propext, Classical.choice, Quot.sound]
AUDIT QIT.QubitActivation.deformedBlock7_charpoly : [propext, Classical.choice, Quot.sound]
AUDIT QIT.QubitActivation.deformedBlockDiagonal : [propext, Classical.choice, Quot.sound]
AUDIT QIT.QubitActivation.deformedBlockDiagonal_correct : [propext, Classical.choice, Quot.sound]
AUDIT QIT.QubitActivation.deformedBlockEffect : [propext, Classical.choice, Quot.sound]
AUDIT QIT.QubitActivation.deformedBlockIndex : [propext, Classical.choice, Quot.sound]
AUDIT QIT.QubitActivation.deformedBlockNatural : [propext, Quot.sound]
AUDIT QIT.QubitActivation.deformedBlockPermutation : [propext, Classical.choice, Quot.sound]
AUDIT QIT.QubitActivation.deformedBobEnsemble : [propext, Classical.choice, Quot.sound]
AUDIT QIT.QubitActivation.deformedCoefficients : [propext, Classical.choice, Quot.sound]
AUDIT QIT.QubitActivation.deformedCoordinateB_entropy : [propext, Classical.choice, Quot.sound]
AUDIT QIT.QubitActivation.deformedEnsemble : [propext, Classical.choice, Quot.sound]
AUDIT QIT.QubitActivation.deformedEpsilon : [propext, Classical.choice, Quot.sound]
AUDIT QIT.QubitActivation.deformedEpsilonEntropy_table : [propext, Classical.choice, Quot.sound]
AUDIT QIT.QubitActivation.deformedEpsilonTable : [propext, Classical.choice, Quot.sound]
AUDIT QIT.QubitActivation.deformedEpsilon_entropy : [propext, Classical.choice, Quot.sound]
AUDIT QIT.QubitActivation.deformedEpsilon_matrix : [propext, Classical.choice, Quot.sound]
AUDIT QIT.QubitActivation.deformedEveEnsemble : [propext, Classical.choice, Quot.sound]
AUDIT QIT.QubitActivation.deformedFullEve_entropy : [propext, Classical.choice, Quot.sound]
AUDIT QIT.QubitActivation.deformedFullMeasured_entropy : [propext, Classical.choice, Quot.sound]
AUDIT QIT.QubitActivation.deformedFullVector : [propext, Classical.choice, Quot.sound]
AUDIT QIT.QubitActivation.deformedFullVector_complete : [propext, Classical.choice, Quot.sound]
AUDIT QIT.QubitActivation.deformedInputTable : [propext, Classical.choice, Quot.sound]
AUDIT QIT.QubitActivation.deformedKet0 : [propext, Classical.choice, Quot.sound]
AUDIT QIT.QubitActivation.deformedKet0_trace : [propext, Classical.choice, Quot.sound]
AUDIT QIT.QubitActivation.deformedKet1 : [propext, Classical.choice, Quot.sound]
AUDIT QIT.QubitActivation.deformedKet1_trace : [propext, Classical.choice, Quot.sound]
AUDIT QIT.QubitActivation.deformedLetter : [propext, Classical.choice, Quot.sound]
AUDIT QIT.QubitActivation.deformedLetter_helper_marginal : [propext, Classical.choice, Quot.sound]
AUDIT QIT.QubitActivation.deformedMeasuredEnsemble : [propext, Classical.choice, Quot.sound]
AUDIT QIT.QubitActivation.deformedMeasuredEntropy_table : [propext, Classical.choice, Quot.sound]
AUDIT QIT.QubitActivation.deformedMeasuredRate : [propext, Classical.choice, Quot.sound]
AUDIT QIT.QubitActivation.deformedMeasuredRate_eq_numeric : [propext, Classical.choice, Quot.sound]
AUDIT QIT.QubitActivation.deformedMeasuredRate_gt : [propext, Classical.choice, Quot.sound]
AUDIT QIT.QubitActivation.deformedMeasuredRate_interval : [propext, Classical.choice, Quot.sound]
AUDIT QIT.QubitActivation.deformedMeasuredRate_le_privateCapacity : [propext, Classical.choice, Quot.sound]
AUDIT QIT.QubitActivation.deformedMeasuredRate_paper_interval : [propext, Classical.choice, Quot.sound]
AUDIT QIT.QubitActivation.deformedMeasured_entropy : [propext, Classical.choice, Quot.sound]
AUDIT QIT.QubitActivation.deformedMeasured_half_blocks : [propext, Classical.choice, Quot.sound]
AUDIT QIT.QubitActivation.deformedMeasurement : [propext, Classical.choice, Quot.sound]
AUDIT QIT.QubitActivation.deformedMeasurementTable : [propext, Classical.choice, Quot.sound]
AUDIT QIT.QubitActivation.deformedMeasurement_effect_blocks : [propext, Classical.choice, Quot.sound]
AUDIT QIT.QubitActivation.deformedMeasurement_expectation : [propext, Classical.choice, Quot.sound]
AUDIT QIT.QubitActivation.deformedMixing : [propext, Classical.choice, Quot.sound]
AUDIT QIT.QubitActivation.deformedNumericB : [propext, Classical.choice, Quot.sound]
AUDIT QIT.QubitActivation.deformedNumericB_table : [propext, Classical.choice, Quot.sound]
AUDIT QIT.QubitActivation.deformedNumericE : [propext, Classical.choice, Quot.sound]
AUDIT QIT.QubitActivation.deformedNumericE_table : [propext, Classical.choice, Quot.sound]
AUDIT QIT.QubitActivation.deformedNumericHolevo : [propext, Classical.choice, Quot.sound]
AUDIT QIT.QubitActivation.deformedNumericM : [propext, Classical.choice, Quot.sound]
AUDIT QIT.QubitActivation.deformedNumericM_table : [propext, Classical.choice, Quot.sound]
AUDIT QIT.QubitActivation.deformedNumericPolynomial : [propext, Classical.choice, Quot.sound]
AUDIT QIT.QubitActivation.deformedNumericPolynomial_roots : [propext, Classical.choice, Quot.sound]
AUDIT QIT.QubitActivation.deformedNumericRate : [propext, Classical.choice, Quot.sound]
AUDIT QIT.QubitActivation.deformedNumericRate_gt : [propext, Classical.choice, Quot.sound]
AUDIT QIT.QubitActivation.deformedNumericRate_interval : [propext, Classical.choice, Quot.sound]
AUDIT QIT.QubitActivation.deformedNumericRoots : [propext, Classical.choice, Quot.sound]
AUDIT QIT.QubitActivation.deformedNumericSigmaEntropy : [propext, Classical.choice, Quot.sound]
AUDIT QIT.QubitActivation.deformedNumericSigma_table : [propext, Classical.choice, Quot.sound]
AUDIT QIT.QubitActivation.deformedPoly0 : [propext, Classical.choice, Quot.sound]
AUDIT QIT.QubitActivation.deformedPoly2 : [propext, Classical.choice, Quot.sound]
AUDIT QIT.QubitActivation.deformedPoly3 : [propext, Classical.choice, Quot.sound]
AUDIT QIT.QubitActivation.deformedProbability : [propext, Classical.choice, Quot.sound]
AUDIT QIT.QubitActivation.deformedR0 : [propext, Classical.choice, Quot.sound]
AUDIT QIT.QubitActivation.deformedR1 : [propext, Classical.choice, Quot.sound]
AUDIT QIT.QubitActivation.deformedRAIndex : [propext, Classical.choice, Quot.sound]
AUDIT QIT.QubitActivation.deformedREIndex : [propext, Classical.choice, Quot.sound]
AUDIT QIT.QubitActivation.deformedReceiverVector : [propext, Classical.choice, Quot.sound]
AUDIT QIT.QubitActivation.deformedReceiverVector_complete : [propext, Classical.choice, Quot.sound]
AUDIT QIT.QubitActivation.deformedReceiverVector_inner : [propext, Classical.choice, Quot.sound]
AUDIT QIT.QubitActivation.deformedReferenceMeasured_entropy : [propext, Classical.choice, Quot.sound]
AUDIT QIT.QubitActivation.deformedReferenceMeasurement : [propext, Classical.choice, Quot.sound]
AUDIT QIT.QubitActivation.deformedShannon : [propext, Classical.choice, Quot.sound]
AUDIT QIT.QubitActivation.deformedSigma : [propext, Classical.choice, Quot.sound]
AUDIT QIT.QubitActivation.deformedSigmaEntropy_table : [propext, Classical.choice, Quot.sound]
AUDIT QIT.QubitActivation.deformedSigmaTable : [propext, Classical.choice, Quot.sound]
AUDIT QIT.QubitActivation.deformedSigmaTable_charpoly : [propext, Classical.choice, Quot.sound]
AUDIT QIT.QubitActivation.deformedSigmaTable_correct : [propext, Classical.choice, Quot.sound]
AUDIT QIT.QubitActivation.deformedSigma_charpoly : [propext, Classical.choice, Quot.sound]
AUDIT QIT.QubitActivation.deformedSigma_entropy : [propext, Classical.choice, Quot.sound]
AUDIT QIT.QubitActivation.deformedSigma_matrix : [propext, Classical.choice, Quot.sound]
AUDIT QIT.QubitActivation.deformedTestState : [propext, Classical.choice, Quot.sound]
AUDIT QIT.QubitActivation.deformedTestState_matrix : [propext, Classical.choice, Quot.sound]
AUDIT QIT.QubitActivation.deformed_entropy_0_b_0 : [propext, Classical.choice, Quot.sound]
AUDIT QIT.QubitActivation.deformed_entropy_0_b_1 : [propext, Classical.choice, Quot.sound]
AUDIT QIT.QubitActivation.deformed_entropy_0_b_2 : [propext, Classical.choice, Quot.sound]
AUDIT QIT.QubitActivation.deformed_entropy_0_b_3 : [propext, Classical.choice, Quot.sound]
AUDIT QIT.QubitActivation.deformed_entropy_0_e_0 : [propext, Classical.choice, Quot.sound]
AUDIT QIT.QubitActivation.deformed_entropy_0_e_1 : [propext, Classical.choice, Quot.sound]
AUDIT QIT.QubitActivation.deformed_entropy_0_e_2 : [propext, Classical.choice, Quot.sound]
AUDIT QIT.QubitActivation.deformed_entropy_0_e_3 : [propext, Classical.choice, Quot.sound]
AUDIT QIT.QubitActivation.deformed_entropy_0_e_4 : [propext, Classical.choice, Quot.sound]
AUDIT QIT.QubitActivation.deformed_entropy_0_e_5 : [propext, Classical.choice, Quot.sound]
AUDIT QIT.QubitActivation.deformed_entropy_0_e_6 : [propext, Classical.choice, Quot.sound]
AUDIT QIT.QubitActivation.deformed_entropy_0_e_7 : [propext, Classical.choice, Quot.sound]
AUDIT QIT.QubitActivation.deformed_entropy_0_m_0 : [propext, Classical.choice, Quot.sound]
AUDIT QIT.QubitActivation.deformed_entropy_0_m_1 : [propext, Classical.choice, Quot.sound]
AUDIT QIT.QubitActivation.deformed_entropy_0_m_2 : [propext, Classical.choice, Quot.sound]
AUDIT QIT.QubitActivation.deformed_entropy_0_m_3 : [propext, Classical.choice, Quot.sound]
AUDIT QIT.QubitActivation.deformed_entropy_0_m_4 : [propext, Classical.choice, Quot.sound]
AUDIT QIT.QubitActivation.deformed_entropy_0_m_5 : [propext, Classical.choice, Quot.sound]
AUDIT QIT.QubitActivation.deformed_entropy_0_m_6 : [propext, Classical.choice, Quot.sound]
AUDIT QIT.QubitActivation.deformed_entropy_0_m_7 : [propext, Classical.choice, Quot.sound]
AUDIT QIT.QubitActivation.deformed_entropy_1_b_0 : [propext, Classical.choice, Quot.sound]
AUDIT QIT.QubitActivation.deformed_entropy_1_b_1 : [propext, Classical.choice, Quot.sound]
AUDIT QIT.QubitActivation.deformed_entropy_1_b_2 : [propext, Classical.choice, Quot.sound]
AUDIT QIT.QubitActivation.deformed_entropy_1_b_3 : [propext, Classical.choice, Quot.sound]
AUDIT QIT.QubitActivation.deformed_entropy_1_e_0 : [propext, Classical.choice, Quot.sound]
AUDIT QIT.QubitActivation.deformed_entropy_1_e_1 : [propext, Classical.choice, Quot.sound]
AUDIT QIT.QubitActivation.deformed_entropy_1_e_2 : [propext, Classical.choice, Quot.sound]
AUDIT QIT.QubitActivation.deformed_entropy_1_e_3 : [propext, Classical.choice, Quot.sound]
AUDIT QIT.QubitActivation.deformed_entropy_1_e_4 : [propext, Classical.choice, Quot.sound]
AUDIT QIT.QubitActivation.deformed_entropy_1_e_5 : [propext, Classical.choice, Quot.sound]
AUDIT QIT.QubitActivation.deformed_entropy_1_e_6 : [propext, Classical.choice, Quot.sound]
AUDIT QIT.QubitActivation.deformed_entropy_1_e_7 : [propext, Classical.choice, Quot.sound]
AUDIT QIT.QubitActivation.deformed_entropy_1_m_0 : [propext, Classical.choice, Quot.sound]
AUDIT QIT.QubitActivation.deformed_entropy_1_m_1 : [propext, Classical.choice, Quot.sound]
AUDIT QIT.QubitActivation.deformed_entropy_1_m_2 : [propext, Classical.choice, Quot.sound]
AUDIT QIT.QubitActivation.deformed_entropy_1_m_3 : [propext, Classical.choice, Quot.sound]
AUDIT QIT.QubitActivation.deformed_entropy_1_m_4 : [propext, Classical.choice, Quot.sound]
AUDIT QIT.QubitActivation.deformed_entropy_1_m_5 : [propext, Classical.choice, Quot.sound]
AUDIT QIT.QubitActivation.deformed_entropy_1_m_6 : [propext, Classical.choice, Quot.sound]
AUDIT QIT.QubitActivation.deformed_entropy_1_m_7 : [propext, Classical.choice, Quot.sound]
AUDIT QIT.QubitActivation.deformed_entropy_2_b_0 : [propext, Classical.choice, Quot.sound]
AUDIT QIT.QubitActivation.deformed_entropy_2_b_1 : [propext, Classical.choice, Quot.sound]
AUDIT QIT.QubitActivation.deformed_entropy_2_b_2 : [propext, Classical.choice, Quot.sound]
AUDIT QIT.QubitActivation.deformed_entropy_2_b_3 : [propext, Classical.choice, Quot.sound]
AUDIT QIT.QubitActivation.deformed_entropy_2_e_0 : [propext, Classical.choice, Quot.sound]
AUDIT QIT.QubitActivation.deformed_entropy_2_e_1 : [propext, Classical.choice, Quot.sound]
AUDIT QIT.QubitActivation.deformed_entropy_2_e_2 : [propext, Classical.choice, Quot.sound]
AUDIT QIT.QubitActivation.deformed_entropy_2_e_3 : [propext, Classical.choice, Quot.sound]
AUDIT QIT.QubitActivation.deformed_entropy_2_e_4 : [propext, Classical.choice, Quot.sound]
AUDIT QIT.QubitActivation.deformed_entropy_2_e_5 : [propext, Classical.choice, Quot.sound]
AUDIT QIT.QubitActivation.deformed_entropy_2_e_6 : [propext, Classical.choice, Quot.sound]
AUDIT QIT.QubitActivation.deformed_entropy_2_e_7 : [propext, Classical.choice, Quot.sound]
AUDIT QIT.QubitActivation.deformed_entropy_2_m_0 : [propext, Classical.choice, Quot.sound]
AUDIT QIT.QubitActivation.deformed_entropy_2_m_1 : [propext, Classical.choice, Quot.sound]
AUDIT QIT.QubitActivation.deformed_entropy_2_m_2 : [propext, Classical.choice, Quot.sound]
AUDIT QIT.QubitActivation.deformed_entropy_2_m_3 : [propext, Classical.choice, Quot.sound]
AUDIT QIT.QubitActivation.deformed_entropy_2_m_4 : [propext, Classical.choice, Quot.sound]
AUDIT QIT.QubitActivation.deformed_entropy_2_m_5 : [propext, Classical.choice, Quot.sound]
AUDIT QIT.QubitActivation.deformed_entropy_2_m_6 : [propext, Classical.choice, Quot.sound]
AUDIT QIT.QubitActivation.deformed_entropy_2_m_7 : [propext, Classical.choice, Quot.sound]
AUDIT QIT.QubitActivation.deformed_full_environment : [propext, Classical.choice, Quot.sound]
AUDIT QIT.QubitActivation.deformed_log_0 : [propext, Classical.choice, Quot.sound]
AUDIT QIT.QubitActivation.deformed_log_1 : [propext, Classical.choice, Quot.sound]
AUDIT QIT.QubitActivation.deformed_log_10 : [propext, Classical.choice, Quot.sound]
AUDIT QIT.QubitActivation.deformed_log_11 : [propext, Classical.choice, Quot.sound]
AUDIT QIT.QubitActivation.deformed_log_12 : [propext, Classical.choice, Quot.sound]
AUDIT QIT.QubitActivation.deformed_log_13 : [propext, Classical.choice, Quot.sound]
AUDIT QIT.QubitActivation.deformed_log_14 : [propext, Classical.choice, Quot.sound]
AUDIT QIT.QubitActivation.deformed_log_15 : [propext, Classical.choice, Quot.sound]
AUDIT QIT.QubitActivation.deformed_log_16 : [propext, Classical.choice, Quot.sound]
AUDIT QIT.QubitActivation.deformed_log_17 : [propext, Classical.choice, Quot.sound]
AUDIT QIT.QubitActivation.deformed_log_18 : [propext, Classical.choice, Quot.sound]
AUDIT QIT.QubitActivation.deformed_log_19 : [propext, Classical.choice, Quot.sound]
AUDIT QIT.QubitActivation.deformed_log_2 : [propext, Classical.choice, Quot.sound]
AUDIT QIT.QubitActivation.deformed_log_20 : [propext, Classical.choice, Quot.sound]
AUDIT QIT.QubitActivation.deformed_log_21 : [propext, Classical.choice, Quot.sound]
AUDIT QIT.QubitActivation.deformed_log_22 : [propext, Classical.choice, Quot.sound]
AUDIT QIT.QubitActivation.deformed_log_23 : [propext, Classical.choice, Quot.sound]
AUDIT QIT.QubitActivation.deformed_log_24 : [propext, Classical.choice, Quot.sound]
AUDIT QIT.QubitActivation.deformed_log_25 : [propext, Classical.choice, Quot.sound]
AUDIT QIT.QubitActivation.deformed_log_26 : [propext, Classical.choice, Quot.sound]
AUDIT QIT.QubitActivation.deformed_log_27 : [propext, Classical.choice, Quot.sound]
AUDIT QIT.QubitActivation.deformed_log_28 : [propext, Classical.choice, Quot.sound]
AUDIT QIT.QubitActivation.deformed_log_29 : [propext, Classical.choice, Quot.sound]
AUDIT QIT.QubitActivation.deformed_log_3 : [propext, Classical.choice, Quot.sound]
AUDIT QIT.QubitActivation.deformed_log_30 : [propext, Classical.choice, Quot.sound]
AUDIT QIT.QubitActivation.deformed_log_31 : [propext, Classical.choice, Quot.sound]
AUDIT QIT.QubitActivation.deformed_log_32 : [propext, Classical.choice, Quot.sound]
AUDIT QIT.QubitActivation.deformed_log_33 : [propext, Classical.choice, Quot.sound]
AUDIT QIT.QubitActivation.deformed_log_34 : [propext, Classical.choice, Quot.sound]
AUDIT QIT.QubitActivation.deformed_log_35 : [propext, Classical.choice, Quot.sound]
AUDIT QIT.QubitActivation.deformed_log_36 : [propext, Classical.choice, Quot.sound]
AUDIT QIT.QubitActivation.deformed_log_37 : [propext, Classical.choice, Quot.sound]
AUDIT QIT.QubitActivation.deformed_log_38 : [propext, Classical.choice, Quot.sound]
AUDIT QIT.QubitActivation.deformed_log_39 : [propext, Classical.choice, Quot.sound]
AUDIT QIT.QubitActivation.deformed_log_4 : [propext, Classical.choice, Quot.sound]
AUDIT QIT.QubitActivation.deformed_log_40 : [propext, Classical.choice, Quot.sound]
AUDIT QIT.QubitActivation.deformed_log_41 : [propext, Classical.choice, Quot.sound]
AUDIT QIT.QubitActivation.deformed_log_42 : [propext, Classical.choice, Quot.sound]
AUDIT QIT.QubitActivation.deformed_log_43 : [propext, Classical.choice, Quot.sound]
AUDIT QIT.QubitActivation.deformed_log_44 : [propext, Classical.choice, Quot.sound]
AUDIT QIT.QubitActivation.deformed_log_45 : [propext, Classical.choice, Quot.sound]
AUDIT QIT.QubitActivation.deformed_log_46 : [propext, Classical.choice, Quot.sound]
AUDIT QIT.QubitActivation.deformed_log_47 : [propext, Classical.choice, Quot.sound]
AUDIT QIT.QubitActivation.deformed_log_48 : [propext, Classical.choice, Quot.sound]
AUDIT QIT.QubitActivation.deformed_log_49 : [propext, Classical.choice, Quot.sound]
AUDIT QIT.QubitActivation.deformed_log_5 : [propext, Classical.choice, Quot.sound]
AUDIT QIT.QubitActivation.deformed_log_50 : [propext, Classical.choice, Quot.sound]
AUDIT QIT.QubitActivation.deformed_log_51 : [propext, Classical.choice, Quot.sound]
AUDIT QIT.QubitActivation.deformed_log_52 : [propext, Classical.choice, Quot.sound]
AUDIT QIT.QubitActivation.deformed_log_53 : [propext, Classical.choice, Quot.sound]
AUDIT QIT.QubitActivation.deformed_log_54 : [propext, Classical.choice, Quot.sound]
AUDIT QIT.QubitActivation.deformed_log_55 : [propext, Classical.choice, Quot.sound]
AUDIT QIT.QubitActivation.deformed_log_56 : [propext, Classical.choice, Quot.sound]
AUDIT QIT.QubitActivation.deformed_log_57 : [propext, Classical.choice, Quot.sound]
AUDIT QIT.QubitActivation.deformed_log_58 : [propext, Classical.choice, Quot.sound]
AUDIT QIT.QubitActivation.deformed_log_59 : [propext, Classical.choice, Quot.sound]
AUDIT QIT.QubitActivation.deformed_log_6 : [propext, Classical.choice, Quot.sound]
AUDIT QIT.QubitActivation.deformed_log_60 : [propext, Classical.choice, Quot.sound]
AUDIT QIT.QubitActivation.deformed_log_61 : [propext, Classical.choice, Quot.sound]
AUDIT QIT.QubitActivation.deformed_log_62 : [propext, Classical.choice, Quot.sound]
AUDIT QIT.QubitActivation.deformed_log_7 : [propext, Classical.choice, Quot.sound]
AUDIT QIT.QubitActivation.deformed_log_8 : [propext, Classical.choice, Quot.sound]
AUDIT QIT.QubitActivation.deformed_log_9 : [propext, Classical.choice, Quot.sound]
AUDIT QIT.QubitActivation.deformed_log_two_bounds : [propext, Classical.choice, Quot.sound]
AUDIT QIT.QubitActivation.deformed_numeric_poly_0_0 : [propext, Classical.choice, Quot.sound]
AUDIT QIT.QubitActivation.deformed_numeric_poly_0_2 : [propext, Classical.choice, Quot.sound]
AUDIT QIT.QubitActivation.deformed_numeric_poly_0_3 : [propext, Classical.choice, Quot.sound]
AUDIT QIT.QubitActivation.deformed_numeric_poly_1_0 : [propext, Classical.choice, Quot.sound]
AUDIT QIT.QubitActivation.deformed_numeric_poly_1_2 : [propext, Classical.choice, Quot.sound]
AUDIT QIT.QubitActivation.deformed_numeric_poly_1_3 : [propext, Classical.choice, Quot.sound]
AUDIT QIT.QubitActivation.deformed_numeric_poly_2_0 : [propext, Classical.choice, Quot.sound]
AUDIT QIT.QubitActivation.deformed_numeric_poly_2_2 : [propext, Classical.choice, Quot.sound]
AUDIT QIT.QubitActivation.deformed_numeric_poly_2_3 : [propext, Classical.choice, Quot.sound]
AUDIT QIT.QubitActivation.deformed_output_average : [propext, Classical.choice, Quot.sound]
AUDIT QIT.QubitActivation.deformed_output_holevo : [propext, Classical.choice, Quot.sound]
AUDIT QIT.QubitActivation.deformed_root_0_0_0 : [propext, Classical.choice, Quot.sound]
AUDIT QIT.QubitActivation.deformed_root_0_0_0_eval : [propext, Classical.choice, Quot.sound]
AUDIT QIT.QubitActivation.deformed_root_0_0_1 : [propext, Classical.choice, Quot.sound]
AUDIT QIT.QubitActivation.deformed_root_0_0_1_bounds : [propext, Classical.choice, Quot.sound]
AUDIT QIT.QubitActivation.deformed_root_0_0_1_entropy : [propext, Classical.choice, Quot.sound]
AUDIT QIT.QubitActivation.deformed_root_0_0_1_eval : [propext, Classical.choice, Quot.sound]
AUDIT QIT.QubitActivation.deformed_root_0_0_1_exists : [propext, Classical.choice, Quot.sound]
AUDIT QIT.QubitActivation.deformed_root_0_0_2 : [propext, Classical.choice, Quot.sound]
AUDIT QIT.QubitActivation.deformed_root_0_0_2_bounds : [propext, Classical.choice, Quot.sound]
AUDIT QIT.QubitActivation.deformed_root_0_0_2_entropy : [propext, Classical.choice, Quot.sound]
AUDIT QIT.QubitActivation.deformed_root_0_0_2_eval : [propext, Classical.choice, Quot.sound]
AUDIT QIT.QubitActivation.deformed_root_0_0_2_exists : [propext, Classical.choice, Quot.sound]
AUDIT QIT.QubitActivation.deformed_root_0_2_0 : [propext, Classical.choice, Quot.sound]
AUDIT QIT.QubitActivation.deformed_root_0_2_0_eval : [propext, Classical.choice, Quot.sound]
AUDIT QIT.QubitActivation.deformed_root_0_2_1 : [propext, Classical.choice, Quot.sound]
AUDIT QIT.QubitActivation.deformed_root_0_2_1_entropy : [propext, Classical.choice, Quot.sound]
AUDIT QIT.QubitActivation.deformed_root_0_2_1_eval : [propext, Classical.choice, Quot.sound]
AUDIT QIT.QubitActivation.deformed_root_0_3_0 : [propext, Classical.choice, Quot.sound]
AUDIT QIT.QubitActivation.deformed_root_0_3_0_eval : [propext, Classical.choice, Quot.sound]
AUDIT QIT.QubitActivation.deformed_root_0_3_1 : [propext, Classical.choice, Quot.sound]
AUDIT QIT.QubitActivation.deformed_root_0_3_1_entropy : [propext, Classical.choice, Quot.sound]
AUDIT QIT.QubitActivation.deformed_root_0_3_1_eval : [propext, Classical.choice, Quot.sound]
AUDIT QIT.QubitActivation.deformed_root_1_0_0 : [propext, Classical.choice, Quot.sound]
AUDIT QIT.QubitActivation.deformed_root_1_0_0_bounds : [propext, Classical.choice, Quot.sound]
AUDIT QIT.QubitActivation.deformed_root_1_0_0_entropy : [propext, Classical.choice, Quot.sound]
AUDIT QIT.QubitActivation.deformed_root_1_0_0_eval : [propext, Classical.choice, Quot.sound]
AUDIT QIT.QubitActivation.deformed_root_1_0_0_exists : [propext, Classical.choice, Quot.sound]
AUDIT QIT.QubitActivation.deformed_root_1_0_1 : [propext, Classical.choice, Quot.sound]
AUDIT QIT.QubitActivation.deformed_root_1_0_1_bounds : [propext, Classical.choice, Quot.sound]
AUDIT QIT.QubitActivation.deformed_root_1_0_1_entropy : [propext, Classical.choice, Quot.sound]
AUDIT QIT.QubitActivation.deformed_root_1_0_1_eval : [propext, Classical.choice, Quot.sound]
AUDIT QIT.QubitActivation.deformed_root_1_0_1_exists : [propext, Classical.choice, Quot.sound]
AUDIT QIT.QubitActivation.deformed_root_1_0_2 : [propext, Classical.choice, Quot.sound]
AUDIT QIT.QubitActivation.deformed_root_1_0_2_bounds : [propext, Classical.choice, Quot.sound]
AUDIT QIT.QubitActivation.deformed_root_1_0_2_entropy : [propext, Classical.choice, Quot.sound]
AUDIT QIT.QubitActivation.deformed_root_1_0_2_eval : [propext, Classical.choice, Quot.sound]
AUDIT QIT.QubitActivation.deformed_root_1_0_2_exists : [propext, Classical.choice, Quot.sound]
AUDIT QIT.QubitActivation.deformed_root_1_2_0 : [propext, Classical.choice, Quot.sound]
AUDIT QIT.QubitActivation.deformed_root_1_2_0_eval : [propext, Classical.choice, Quot.sound]
AUDIT QIT.QubitActivation.deformed_root_1_2_1 : [propext, Classical.choice, Quot.sound]
AUDIT QIT.QubitActivation.deformed_root_1_2_1_entropy : [propext, Classical.choice, Quot.sound]
AUDIT QIT.QubitActivation.deformed_root_1_2_1_eval : [propext, Classical.choice, Quot.sound]
AUDIT QIT.QubitActivation.deformed_root_1_3_0 : [propext, Classical.choice, Quot.sound]
AUDIT QIT.QubitActivation.deformed_root_1_3_0_bounds : [propext, Classical.choice, Quot.sound]
AUDIT QIT.QubitActivation.deformed_root_1_3_0_entropy : [propext, Classical.choice, Quot.sound]
AUDIT QIT.QubitActivation.deformed_root_1_3_0_eval : [propext, Classical.choice, Quot.sound]
AUDIT QIT.QubitActivation.deformed_root_1_3_0_exists : [propext, Classical.choice, Quot.sound]
AUDIT QIT.QubitActivation.deformed_root_1_3_1 : [propext, Classical.choice, Quot.sound]
AUDIT QIT.QubitActivation.deformed_root_1_3_1_bounds : [propext, Classical.choice, Quot.sound]
AUDIT QIT.QubitActivation.deformed_root_1_3_1_entropy : [propext, Classical.choice, Quot.sound]
AUDIT QIT.QubitActivation.deformed_root_1_3_1_eval : [propext, Classical.choice, Quot.sound]
AUDIT QIT.QubitActivation.deformed_root_1_3_1_exists : [propext, Classical.choice, Quot.sound]
AUDIT QIT.QubitActivation.deformed_root_2_0_0 : [propext, Classical.choice, Quot.sound]
AUDIT QIT.QubitActivation.deformed_root_2_0_0_bounds : [propext, Classical.choice, Quot.sound]
AUDIT QIT.QubitActivation.deformed_root_2_0_0_entropy : [propext, Classical.choice, Quot.sound]
AUDIT QIT.QubitActivation.deformed_root_2_0_0_eval : [propext, Classical.choice, Quot.sound]
AUDIT QIT.QubitActivation.deformed_root_2_0_0_exists : [propext, Classical.choice, Quot.sound]
AUDIT QIT.QubitActivation.deformed_root_2_0_1 : [propext, Classical.choice, Quot.sound]
AUDIT QIT.QubitActivation.deformed_root_2_0_1_bounds : [propext, Classical.choice, Quot.sound]
AUDIT QIT.QubitActivation.deformed_root_2_0_1_entropy : [propext, Classical.choice, Quot.sound]
AUDIT QIT.QubitActivation.deformed_root_2_0_1_eval : [propext, Classical.choice, Quot.sound]
AUDIT QIT.QubitActivation.deformed_root_2_0_1_exists : [propext, Classical.choice, Quot.sound]
AUDIT QIT.QubitActivation.deformed_root_2_0_2 : [propext, Classical.choice, Quot.sound]
AUDIT QIT.QubitActivation.deformed_root_2_0_2_bounds : [propext, Classical.choice, Quot.sound]
AUDIT QIT.QubitActivation.deformed_root_2_0_2_entropy : [propext, Classical.choice, Quot.sound]
AUDIT QIT.QubitActivation.deformed_root_2_0_2_eval : [propext, Classical.choice, Quot.sound]
AUDIT QIT.QubitActivation.deformed_root_2_0_2_exists : [propext, Classical.choice, Quot.sound]
AUDIT QIT.QubitActivation.deformed_root_2_2_0 : [propext, Classical.choice, Quot.sound]
AUDIT QIT.QubitActivation.deformed_root_2_2_0_bounds : [propext, Classical.choice, Quot.sound]
AUDIT QIT.QubitActivation.deformed_root_2_2_0_entropy : [propext, Classical.choice, Quot.sound]
AUDIT QIT.QubitActivation.deformed_root_2_2_0_eval : [propext, Classical.choice, Quot.sound]
AUDIT QIT.QubitActivation.deformed_root_2_2_0_exists : [propext, Classical.choice, Quot.sound]
AUDIT QIT.QubitActivation.deformed_root_2_2_1 : [propext, Classical.choice, Quot.sound]
AUDIT QIT.QubitActivation.deformed_root_2_2_1_bounds : [propext, Classical.choice, Quot.sound]
AUDIT QIT.QubitActivation.deformed_root_2_2_1_entropy : [propext, Classical.choice, Quot.sound]
AUDIT QIT.QubitActivation.deformed_root_2_2_1_eval : [propext, Classical.choice, Quot.sound]
AUDIT QIT.QubitActivation.deformed_root_2_2_1_exists : [propext, Classical.choice, Quot.sound]
AUDIT QIT.QubitActivation.deformed_root_2_3_0 : [propext, Classical.choice, Quot.sound]
AUDIT QIT.QubitActivation.deformed_root_2_3_0_bounds : [propext, Classical.choice, Quot.sound]
AUDIT QIT.QubitActivation.deformed_root_2_3_0_entropy : [propext, Classical.choice, Quot.sound]
AUDIT QIT.QubitActivation.deformed_root_2_3_0_eval : [propext, Classical.choice, Quot.sound]
AUDIT QIT.QubitActivation.deformed_root_2_3_0_exists : [propext, Classical.choice, Quot.sound]
AUDIT QIT.QubitActivation.deformed_root_2_3_1 : [propext, Classical.choice, Quot.sound]
AUDIT QIT.QubitActivation.deformed_root_2_3_1_bounds : [propext, Classical.choice, Quot.sound]
AUDIT QIT.QubitActivation.deformed_root_2_3_1_entropy : [propext, Classical.choice, Quot.sound]
AUDIT QIT.QubitActivation.deformed_root_2_3_1_eval : [propext, Classical.choice, Quot.sound]
AUDIT QIT.QubitActivation.deformed_root_2_3_1_exists : [propext, Classical.choice, Quot.sound]
AUDIT QIT.QubitActivation.deformed_roots_0_0 : [propext, Classical.choice, Quot.sound]
AUDIT QIT.QubitActivation.deformed_roots_0_0_complete : [propext, Classical.choice, Quot.sound]
AUDIT QIT.QubitActivation.deformed_roots_0_2 : [propext, Classical.choice, Quot.sound]
AUDIT QIT.QubitActivation.deformed_roots_0_2_complete : [propext, Classical.choice, Quot.sound]
AUDIT QIT.QubitActivation.deformed_roots_0_3 : [propext, Classical.choice, Quot.sound]
AUDIT QIT.QubitActivation.deformed_roots_0_3_complete : [propext, Classical.choice, Quot.sound]
AUDIT QIT.QubitActivation.deformed_roots_1_0 : [propext, Classical.choice, Quot.sound]
AUDIT QIT.QubitActivation.deformed_roots_1_0_complete : [propext, Classical.choice, Quot.sound]
AUDIT QIT.QubitActivation.deformed_roots_1_2 : [propext, Classical.choice, Quot.sound]
AUDIT QIT.QubitActivation.deformed_roots_1_2_complete : [propext, Classical.choice, Quot.sound]
AUDIT QIT.QubitActivation.deformed_roots_1_3 : [propext, Classical.choice, Quot.sound]
AUDIT QIT.QubitActivation.deformed_roots_1_3_complete : [propext, Classical.choice, Quot.sound]
AUDIT QIT.QubitActivation.deformed_roots_2_0 : [propext, Classical.choice, Quot.sound]
AUDIT QIT.QubitActivation.deformed_roots_2_0_complete : [propext, Classical.choice, Quot.sound]
AUDIT QIT.QubitActivation.deformed_roots_2_2 : [propext, Classical.choice, Quot.sound]
AUDIT QIT.QubitActivation.deformed_roots_2_2_complete : [propext, Classical.choice, Quot.sound]
AUDIT QIT.QubitActivation.deformed_roots_2_3 : [propext, Classical.choice, Quot.sound]
AUDIT QIT.QubitActivation.deformed_roots_2_3_complete : [propext, Classical.choice, Quot.sound]
AUDIT QIT.QubitActivation.deformed_superactivation_main : [propext, Classical.choice, Quot.sound]
AUDIT QIT.QubitActivation.eigenvalueMultiset_fromBlocks : [propext, Classical.choice, Quot.sound]
AUDIT QIT.QubitActivation.embeddedErased : [propext, Classical.choice, Quot.sound]
AUDIT QIT.QubitActivation.embeddedErased_entry : [propext, Classical.choice, Quot.sound]
AUDIT QIT.QubitActivation.embeddedReference : [propext, Classical.choice, Quot.sound]
AUDIT QIT.QubitActivation.embeddedReference_entry : [propext, Classical.choice, Quot.sound]
AUDIT QIT.QubitActivation.ensemble : [propext, Classical.choice, Quot.sound]
AUDIT QIT.QubitActivation.entropy_of_charpoly_roots : [propext, Classical.choice, Quot.sound]
AUDIT QIT.QubitActivation.entropy_term_interval : [propext, Classical.choice, Quot.sound]
AUDIT QIT.QubitActivation.entropy_zero_term : [propext, Classical.choice, Quot.sound]
AUDIT QIT.QubitActivation.envAmplitude : [propext, Classical.choice, Quot.sound]
AUDIT QIT.QubitActivation.envAmplitude_20 : [propext, Classical.choice, Quot.sound]
AUDIT QIT.QubitActivation.envAmplitude_21 : [propext, Classical.choice, Quot.sound]
AUDIT QIT.QubitActivation.envAmplitude_22 : [propext, Classical.choice, Quot.sound]
AUDIT QIT.QubitActivation.envAmplitude_23 : [propext, Classical.choice, Quot.sound]
AUDIT QIT.QubitActivation.envErasedEmbed : [propext, Classical.choice, Quot.sound]
AUDIT QIT.QubitActivation.envErasedEmbed_isometry : [propext, Classical.choice, Quot.sound]
AUDIT QIT.QubitActivation.envReferenceEmbed : [propext, Classical.choice, Quot.sound]
AUDIT QIT.QubitActivation.envReferenceEmbed_isometry : [propext, Classical.choice, Quot.sound]
AUDIT QIT.QubitActivation.environmentBranches : [propext, Classical.choice, Quot.sound]
AUDIT QIT.QubitActivation.environmentBranches_letters : [propext, Classical.choice, Quot.sound]
AUDIT QIT.QubitActivation.environmentBranches_order : [propext, Classical.choice, Quot.sound]
AUDIT QIT.QubitActivation.environmentRegisterEquiv : [propext]
AUDIT QIT.QubitActivation.environment_order : [propext, Classical.choice, Quot.sound]
AUDIT QIT.QubitActivation.environment_pair0 : [propext, Classical.choice, Quot.sound]
AUDIT QIT.QubitActivation.environment_pair1 : [propext, Classical.choice, Quot.sound]
AUDIT QIT.QubitActivation.environment_pure : [propext, Classical.choice, Quot.sound]
AUDIT QIT.QubitActivation.environment_remainder : [propext, Classical.choice, Quot.sound]
AUDIT QIT.QubitActivation.environment_single0 : [propext, Classical.choice, Quot.sound]
AUDIT QIT.QubitActivation.environment_single3 : [propext, Classical.choice, Quot.sound]
AUDIT QIT.QubitActivation.environment_support : [propext, Classical.choice, Quot.sound]
AUDIT QIT.QubitActivation.epsilon0 : [propext, Classical.choice, Quot.sound]
AUDIT QIT.QubitActivation.epsilon1 : [propext, Classical.choice, Quot.sound]
AUDIT QIT.QubitActivation.erased_environment_order : [propext, Classical.choice, Quot.sound]
AUDIT QIT.QubitActivation.erased_environment_remainder : [propext, Classical.choice, Quot.sound]
AUDIT QIT.QubitActivation.eventPullback : [propext, Classical.choice, Quot.sound]
AUDIT QIT.QubitActivation.eventPullback_decomposition : [propext, Classical.choice, Quot.sound]
AUDIT QIT.QubitActivation.fixedEnsemble : [propext, Classical.choice, Quot.sound]
AUDIT QIT.QubitActivation.fullBobEnsemble : [propext, Classical.choice, Quot.sound]
AUDIT QIT.QubitActivation.fullEveEnsemble : [propext, Classical.choice, Quot.sound]
AUDIT QIT.QubitActivation.fullEventVector : [propext, Classical.choice, Quot.sound]
AUDIT QIT.QubitActivation.fullEventVector_trace : [propext, Classical.choice, Quot.sound]
AUDIT QIT.QubitActivation.fullReceiverEffect : [propext, Classical.choice, Quot.sound]
AUDIT QIT.QubitActivation.fullReceiverEffect_le_one : [propext, Classical.choice, Quot.sound]
AUDIT QIT.QubitActivation.fullReceiverEffect_pos : [propext, Classical.choice, Quot.sound]
AUDIT QIT.QubitActivation.full_environment_holevo_upper : [propext, Classical.choice, Quot.sound]
AUDIT QIT.QubitActivation.full_environment_outputs : [propext, Classical.choice, Quot.sound]
AUDIT QIT.QubitActivation.full_environment_outputs_directSum : [propext, Classical.choice, Quot.sound]
AUDIT QIT.QubitActivation.full_receiver_event : [propext, Classical.choice, Quot.sound]
AUDIT QIT.QubitActivation.full_receiver_event_base : [propext, Classical.choice, Quot.sound]
AUDIT QIT.QubitActivation.full_receiver_event_signal : [propext, Classical.choice, Quot.sound]
AUDIT QIT.QubitActivation.full_receiver_holevo_lower : [propext, Classical.choice, Quot.sound]
AUDIT QIT.QubitActivation.full_receiver_outputs : [propext, Classical.choice, Quot.sound]
AUDIT QIT.QubitActivation.individual_capacities_zero : [propext, Classical.choice, Quot.sound]
AUDIT QIT.QubitActivation.inputState : [propext, Classical.choice, Quot.sound]
AUDIT QIT.QubitActivation.instDecidableEqDeformedBlocks : []
AUDIT QIT.QubitActivation.logError : [propext, Classical.choice, Quot.sound]
AUDIT QIT.QubitActivation.logPartial : [propext, Classical.choice, Quot.sound]
AUDIT QIT.QubitActivation.log_atanh_interval : [propext, Classical.choice, Quot.sound]
AUDIT QIT.QubitActivation.log_environment_and_rate : [propext, Classical.choice, Quot.sound]
AUDIT QIT.QubitActivation.log_rate_gt_one : [propext, Classical.choice, Quot.sound]
AUDIT QIT.QubitActivation.log_scaled_interval : [propext, Classical.choice, Quot.sound]
AUDIT QIT.QubitActivation.marginal_order : [propext, Classical.choice, Quot.sound]
AUDIT QIT.QubitActivation.marginal_remainder : [propext, Classical.choice, Quot.sound]
AUDIT QIT.QubitActivation.mixInput : [propext, Classical.choice, Quot.sound]
AUDIT QIT.QubitActivation.mixInput_helper_marginal : [propext, Classical.choice, Quot.sound]
AUDIT QIT.QubitActivation.mixedSignal : [propext, Classical.choice, Quot.sound]
AUDIT QIT.QubitActivation.negativePTVector : [propext, Classical.choice, Quot.sound]
AUDIT QIT.QubitActivation.negativePTVector_expectation : [propext, Classical.choice, Quot.sound]
AUDIT QIT.QubitActivation.negativePTVector_trace : [propext, Classical.choice, Quot.sound]
AUDIT QIT.QubitActivation.no_positive_environmental_effect : [propext, Classical.choice, Quot.sound]
AUDIT QIT.QubitActivation.paperKernel : [propext, Classical.choice, Quot.sound]
AUDIT QIT.QubitActivation.phi : [propext, Classical.choice, Quot.sound]
AUDIT QIT.QubitActivation.phi0 : [propext, Classical.choice, Quot.sound]
AUDIT QIT.QubitActivation.phi1 : [propext, Classical.choice, Quot.sound]
AUDIT QIT.QubitActivation.phi2 : [propext, Classical.choice, Quot.sound]
AUDIT QIT.QubitActivation.phiCanonical : [propext, Classical.choice, Quot.sound]
AUDIT QIT.QubitActivation.phiCanonical_eq : [propext, Classical.choice, Quot.sound]
AUDIT QIT.QubitActivation.phi_inner : [propext, Classical.choice, Quot.sound]
AUDIT QIT.QubitActivation.phi_trace : [propext, Classical.choice, Quot.sound]
AUDIT QIT.QubitActivation.polynomial_root_in_interval : [propext, Classical.choice, Quot.sound]
AUDIT QIT.QubitActivation.polynomial_roots_complete : [propext, Classical.choice, Quot.sound]
AUDIT QIT.QubitActivation.privateCapacity_ge_certifiedRate : [propext, Classical.choice, Quot.sound]
AUDIT QIT.QubitActivation.privateCapacity_ge_certifiedRate_of_holevo_bounds : [propext, Classical.choice, Quot.sound]
AUDIT QIT.QubitActivation.productChannel : [propext, Classical.choice, Quot.sound]
AUDIT QIT.QubitActivation.productComplement : [propext, Classical.choice, Quot.sound]
AUDIT QIT.QubitActivation.productEnsemble : [propext, Classical.choice, Quot.sound]
AUDIT QIT.QubitActivation.product_dimensions : [propext, Classical.choice, Quot.sound]
AUDIT QIT.QubitActivation.product_isComplementOf : [propext, Classical.choice, Quot.sound]
AUDIT QIT.QubitActivation.product_privateCapacity_pos : [propext, Classical.choice, Quot.sound]
AUDIT QIT.QubitActivation.pullbackAmplitude : [propext, Classical.choice, Quot.sound]
AUDIT QIT.QubitActivation.rate_identity : [propext, Classical.choice, Quot.sound]
AUDIT QIT.QubitActivation.receiverEffect : [propext, Classical.choice, Quot.sound]
AUDIT QIT.QubitActivation.receiverEffect_le_one : [propext, Classical.choice, Quot.sound]
AUDIT QIT.QubitActivation.receiverEffect_not_ppt : [propext, Classical.choice, Quot.sound]
AUDIT QIT.QubitActivation.receiverEffect_pos : [propext, Classical.choice, Quot.sound]
AUDIT QIT.QubitActivation.receiverKraus : [propext, Classical.choice, Quot.sound]
AUDIT QIT.QubitActivation.receiverRegisterEquiv : [propext]
AUDIT QIT.QubitActivation.receiver_event_base : [propext, Classical.choice, Quot.sound]
AUDIT QIT.QubitActivation.receiver_event_signal : [propext, Classical.choice, Quot.sound]
AUDIT QIT.QubitActivation.receiver_heralded : [propext, Classical.choice, Quot.sound]
AUDIT QIT.QubitActivation.receiver_kernel : [propext, Classical.choice, Quot.sound]
AUDIT QIT.QubitActivation.receiver_kernel_eigenvector : [propext, Classical.choice, Quot.sound]
AUDIT QIT.QubitActivation.receiver_pure_event : [propext, Classical.choice, Quot.sound]
AUDIT QIT.QubitActivation.receiver_sector_decomposition : [propext, Classical.choice, Quot.sound]
AUDIT QIT.QubitActivation.referenceBeta : [propext, Classical.choice, Quot.sound]
AUDIT QIT.QubitActivation.referenceInput : [propext, Classical.choice, Quot.sound]
AUDIT QIT.QubitActivation.referenceMixture : [propext, Classical.choice, Quot.sound]
AUDIT QIT.QubitActivation.referenceMixture_lt_one : [propext, Classical.choice, Quot.sound]
AUDIT QIT.QubitActivation.referenceMixture_pos : [propext, Classical.choice, Quot.sound]
AUDIT QIT.QubitActivation.referenceSigma : [propext, Classical.choice, Quot.sound]
AUDIT QIT.QubitActivation.reference_beta_matrix : [propext, Classical.choice, Quot.sound]
AUDIT QIT.QubitActivation.reference_environment_constant : [propext, Classical.choice, Quot.sound]
AUDIT QIT.QubitActivation.reference_environment_order : [propext, Classical.choice, Quot.sound]
AUDIT QIT.QubitActivation.reference_environment_remainder : [propext, Classical.choice, Quot.sound]
AUDIT QIT.QubitActivation.reference_event : [propext, Classical.choice, Quot.sound]
AUDIT QIT.QubitActivation.reference_input_support : [propext, Classical.choice, Quot.sound]
AUDIT QIT.QubitActivation.reference_receiver_constant : [propext, Classical.choice, Quot.sound]
AUDIT QIT.QubitActivation.reference_sigma_matrix : [propext, Classical.choice, Quot.sound]
AUDIT QIT.QubitActivation.referencedEnvironment : [propext, Classical.choice, Quot.sound]
AUDIT QIT.QubitActivation.referencedReceiver : [propext, Classical.choice, Quot.sound]
AUDIT QIT.QubitActivation.referencedReceiver_map : [propext, Classical.choice, Quot.sound]
AUDIT QIT.QubitActivation.remainder0 : [propext, Classical.choice, Quot.sound]
AUDIT QIT.QubitActivation.remainder1 : [propext, Classical.choice, Quot.sound]
AUDIT QIT.QubitActivation.rho0 : [propext, Classical.choice, Quot.sound]
AUDIT QIT.QubitActivation.rho0Mat : [propext, Classical.choice, Quot.sound]
AUDIT QIT.QubitActivation.rho0_helper_marginal : [propext, Classical.choice, Quot.sound]
AUDIT QIT.QubitActivation.rho0_marginal : [propext, Classical.choice, Quot.sound]
AUDIT QIT.QubitActivation.rho0_sector_support : [propext, Classical.choice, Quot.sound]
AUDIT QIT.QubitActivation.rho1 : [propext, Classical.choice, Quot.sound]
AUDIT QIT.QubitActivation.rho1Mat : [propext, Classical.choice, Quot.sound]
AUDIT QIT.QubitActivation.rho1_helper_marginal : [propext, Classical.choice, Quot.sound]
AUDIT QIT.QubitActivation.rho1_marginal : [propext, Classical.choice, Quot.sound]
AUDIT QIT.QubitActivation.rho1_sector_support : [propext, Classical.choice, Quot.sound]
AUDIT QIT.QubitActivation.roots_three_squares : [propext, Classical.choice, Quot.sound]
AUDIT QIT.QubitActivation.sectorEmbedding : [propext, Classical.choice, Quot.sound]
AUDIT QIT.QubitActivation.sectorEmbedding_isometry : [propext, Classical.choice, Quot.sound]
AUDIT QIT.QubitActivation.sectorNoise : [propext, Classical.choice, Quot.sound]
AUDIT QIT.QubitActivation.sectorNoise_orthogonal : [propext, Classical.choice, Quot.sound]
AUDIT QIT.QubitActivation.sectorNoise_pos : [propext, Classical.choice, Quot.sound]
AUDIT QIT.QubitActivation.sectorProjector : [propext, Classical.choice, Quot.sound]
AUDIT QIT.QubitActivation.sectorProjector_hermitian : [propext, Classical.choice, Quot.sound]
AUDIT QIT.QubitActivation.sectorProjector_idempotent : [propext, Classical.choice, Quot.sound]
AUDIT QIT.QubitActivation.sectorProjector_phi : [propext, Classical.choice, Quot.sound]
AUDIT QIT.QubitActivation.sectorProjector_pure : [propext, Classical.choice, Quot.sound]
AUDIT QIT.QubitActivation.sector_compressed_kraus : [propext, Classical.choice, Quot.sound]
AUDIT QIT.QubitActivation.sector_kraus : [propext, Classical.choice, Quot.sound]
AUDIT QIT.QubitActivation.sigma0 : [propext, Classical.choice, Quot.sound]
AUDIT QIT.QubitActivation.sigma0_decomposition : [propext, Classical.choice, Quot.sound]
AUDIT QIT.QubitActivation.sigma1 : [propext, Classical.choice, Quot.sound]
AUDIT QIT.QubitActivation.sigma1_decomposition : [propext, Classical.choice, Quot.sound]
AUDIT QIT.QubitActivation.signalProbability : [propext, Classical.choice, Quot.sound]
AUDIT QIT.QubitActivation.signalProbability_lt_one : [propext, Classical.choice, Quot.sound]
AUDIT QIT.QubitActivation.signalProbability_pos : [propext, Classical.choice, Quot.sound]
AUDIT QIT.QubitActivation.signal_half : [propext, Classical.choice, Quot.sound]
AUDIT QIT.QubitActivation.signal_log : [propext, Classical.choice, Quot.sound]
AUDIT QIT.QubitActivation.superactivation_main : [propext, Classical.choice, Quot.sound]
AUDIT QIT.QubitActivation.superactivation_of_holevo_bounds : [propext, Classical.choice, Quot.sound]
AUDIT QIT.QubitActivation.trace_submatrix_equiv_local : [propext, Classical.choice, Quot.sound]
AUDIT QIT.QubitActivation.vonNeumann_half_blocks : [propext, Classical.choice, Quot.sound]
AUDIT QIT.SimulatorCanonical.as : [propext, Classical.choice, Quot.sound]
AUDIT QIT.SimulatorCanonical.as_eq : [propext, Classical.choice, Quot.sound]
AUDIT QIT.SimulatorCanonical.bs : [propext, Classical.choice, Quot.sound]
AUDIT QIT.SimulatorCanonical.bs_eq : [propext, Classical.choice, Quot.sound]
AUDIT QIT.SimulatorCanonical.complement_single_apply : [propext, Classical.choice, Quot.sound]
AUDIT QIT.SimulatorCanonical.ds : [propext, Classical.choice, Quot.sound]
AUDIT QIT.SimulatorCanonical.ds_eq : [propext, Classical.choice, Quot.sound]
AUDIT QIT.SimulatorCanonical.ks : [propext, Classical.choice, Quot.sound]
AUDIT QIT.SimulatorCanonical.ks_eq : [propext, Classical.choice, Quot.sound]
AUDIT QIT.SimulatorCanonical.ofKraus_single_apply : [propext, Classical.choice, Quot.sound]
AUDIT QIT.SimulatorCanonical.r2 : [propext, Classical.choice, Quot.sound]
AUDIT QIT.SimulatorCanonical.r2_conj : [propext, Classical.choice, Quot.sound]
AUDIT QIT.SimulatorCanonical.r2_cube : [propext, Classical.choice, Quot.sound]
AUDIT QIT.SimulatorCanonical.r2_four : [propext, Classical.choice, Quot.sound]
AUDIT QIT.SimulatorCanonical.r2_sq : [propext, Classical.choice, Quot.sound]
AUDIT QIT.SimulatorCanonical.r2_star : [propext, Classical.choice, Quot.sound]
AUDIT QIT.SimulatorCanonical.r3 : [propext, Classical.choice, Quot.sound]
AUDIT QIT.SimulatorCanonical.r3_conj : [propext, Classical.choice, Quot.sound]
AUDIT QIT.SimulatorCanonical.r3_cube : [propext, Classical.choice, Quot.sound]
AUDIT QIT.SimulatorCanonical.r3_four : [propext, Classical.choice, Quot.sound]
AUDIT QIT.SimulatorCanonical.r3_sq : [propext, Classical.choice, Quot.sound]
AUDIT QIT.SimulatorCanonical.r3_star : [propext, Classical.choice, Quot.sound]
AUDIT QIT.SimulatorCanonical.r5 : [propext, Classical.choice, Quot.sound]
AUDIT QIT.SimulatorCanonical.r5_conj : [propext, Classical.choice, Quot.sound]
AUDIT QIT.SimulatorCanonical.r5_cube : [propext, Classical.choice, Quot.sound]
AUDIT QIT.SimulatorCanonical.r5_four : [propext, Classical.choice, Quot.sound]
AUDIT QIT.SimulatorCanonical.r5_sq : [propext, Classical.choice, Quot.sound]
AUDIT QIT.SimulatorCanonical.r5_star : [propext, Classical.choice, Quot.sound]
AUDIT QIT.SimulatorCanonical.r7 : [propext, Classical.choice, Quot.sound]
AUDIT QIT.SimulatorCanonical.r7_conj : [propext, Classical.choice, Quot.sound]
AUDIT QIT.SimulatorCanonical.r7_cube : [propext, Classical.choice, Quot.sound]
AUDIT QIT.SimulatorCanonical.r7_four : [propext, Classical.choice, Quot.sound]
AUDIT QIT.SimulatorCanonical.r7_sq : [propext, Classical.choice, Quot.sound]
AUDIT QIT.SimulatorCanonical.r7_star : [propext, Classical.choice, Quot.sound]
AUDIT QIT.State.transpose : [propext, Classical.choice, Quot.sound]
AUDIT QIT.State.vonNeumann_transpose : [propext, Classical.choice, Quot.sound]
AUDIT QIT.binaryEntropyBits.eq_1 : [propext, Classical.choice, Quot.sound]
AUDIT QIT.erasureComplementMap._proof_1 : [propext, Classical.choice, Quot.sound]
AUDIT QIT.erasureComplementMap._proof_2 : [propext, Classical.choice, Quot.sound]
AUDIT QIT.erasureComplementMap.eq_1 : [propext, Classical.choice, Quot.sound]
AUDIT QIT.erasureEmbed._boxed : []
AUDIT QIT.erasureEmbed._redArg : []
AUDIT QIT.erasureEmbed.eq_1 : [propext, Classical.choice, Quot.sound]
AUDIT QIT.erasureInvSqrtTwo._proof_1 : [propext]
AUDIT QIT.erasureInvSqrtTwo.eq_1 : [propext, Classical.choice, Quot.sound]
AUDIT QIT.erasureKraus._proof_1 : [propext]
AUDIT QIT.erasureKraus.eq_1 : [propext, Classical.choice, Quot.sound]
AUDIT QIT.erasureKraus.eq_2 : [propext, Classical.choice, Quot.sound]
AUDIT QIT.erasureKraus.match_1 : []
AUDIT QIT.krausN._proof_1 : [propext]
AUDIT QIT.krausN._proof_2 : [propext]
AUDIT QIT.krausN._proof_4 : [propext, Quot.sound]
AUDIT QIT.krausN._proof_5 : [propext]
AUDIT QIT.krausN.eq_1 : [propext, Classical.choice, Quot.sound]
AUDIT QIT.krausN.eq_2 : [propext, Classical.choice, Quot.sound]
AUDIT QIT.krausN.match_1 : []
AUDIT QIT.krausN_succ._proof_2 : [propext, Quot.sound]
AUDIT QIT.partialTransposeB.eq_1 : [propext, Classical.choice, Quot.sound]
AUDIT QIT.simulatorKraus.eq_1 : [propext, Classical.choice, Quot.sound]
AUDIT QIT.simulatorKraus.eq_2 : [propext, Classical.choice, Quot.sound]
AUDIT QIT.simulatorKraus.match_1 : []
AUDIT QIT.simulatorKrausA._proof_1 : [propext]
AUDIT QIT.simulatorKrausA._proof_2 : [propext]
AUDIT QIT.simulatorKrausA._proof_3 : [propext]
AUDIT QIT.simulatorKrausA.eq_1 : [propext, Classical.choice, Quot.sound]
AUDIT QIT.simulatorKrausB.eq_1 : [propext, Classical.choice, Quot.sound]
AUDIT QIT.sumSwapM._closed_0 : []
AUDIT QIT.sumSwapM._lam_0 : []
AUDIT QIT.sumSwapM.eq_1 : [propext, Classical.choice, Quot.sound]
AUDIT QIT.sumSwapMap._boxed : []
AUDIT QIT.sumSwapMap._redArg : []
AUDIT QIT.sumSwapMap.eq_1 : []
AUDIT QIT.sumSwapMap'._boxed : []
AUDIT QIT.sumSwapMap'._redArg : []
AUDIT QIT.sumSwapMinv._lam_0 : []
AUDIT QIT.sumSwapMinv.eq_1 : [propext, Classical.choice, Quot.sound]
AUDIT QIT.tM.eq_1 : [propext, Classical.choice, Quot.sound]
AUDIT QIT.yM._closed_0 : []
AUDIT QIT.yM._closed_1 : []
AUDIT QIT.yM._lam_0 : []
AUDIT QIT.yM.eq_1 : [propext, Classical.choice, Quot.sound]
AUDIT _private.QIT.Coding.Private.BinaryHolevo.0.QIT.binary_preparation_information_upper._simp_1_1 : [propext]
AUDIT _private.QIT.Coding.Private.ExplicitChannel.0.QIT.complementN_one_diagonal._simp_1_6 : []
AUDIT _private.QIT.Coding.Private.ExplicitChannel.0.QIT.complementN_one_diagonal._simp_1_7 : [propext,
 Classical.choice,
 Quot.sound]
AUDIT _private.QIT.Coding.Private.ExplicitChannel.0.QIT.krausN._proof_3 : [propext, Quot.sound]
AUDIT _private.QIT.Coding.Private.ExplicitChannel.0.QIT.krausN_succ._proof_1 : [propext, Quot.sound]
AUDIT _private.QIT.Coding.Private.ExplicitChannel.0.QIT.simulatorKraus_krausAdjoint_one._simp_1_6 : []
AUDIT _private.QIT.Coding.Private.ExplicitChannel.0.QIT.simulatorKraus_krausAdjoint_one._simp_1_7 : [propext,
 Classical.choice,
 Quot.sound]
AUDIT _private.QIT.Coding.Private.ExplicitChannel.0.QIT.tM_sum._simp_1_2 : []
AUDIT _private.QIT.Coding.Private.ExplicitChannel.0.QIT.tM_sum._simp_1_3 : [propext, Classical.choice, Quot.sound]
AUDIT _private.QIT.Coding.Private.HalfErasure.0.QIT.erasureInvSqrtTwo_mul_self._simp_1_2 : [propext,
 Classical.choice,
 Quot.sound]
AUDIT _private.QIT.Coding.Private.HalfErasure.0.QIT.erasureKraus_sum._simp_1_1 : [propext]
AUDIT _private.QIT.Coding.Private.HalfErasure.0.QIT.fin1_eq_zero._proof_1_1 : [propext, Quot.sound]
AUDIT _private.QIT.Coding.Private.HalfErasure.0.QIT.sumSwapMinv_mul_sumSwapM._simp_1_3 : [propext]
AUDIT _private.QIT.Coding.Private.ProductComplement.0.QIT.kron_ofKraus._simp_1_1 : [propext,
 Classical.choice,
 Quot.sound]
AUDIT _private.QIT.Coding.Private.QubitCertificates.0.QIT.QubitActivation.sqrt_six : [propext,
 Classical.choice,
 Quot.sound]
AUDIT _private.QIT.Coding.Private.QubitCertificates.0.QIT.QubitActivation.sqrt_two_thirds : [propext,
 Classical.choice,
 Quot.sound]
AUDIT _private.QIT.Coding.Private.QubitCertificates.0.QIT.QubitActivation.vecCons_three : [propext]
AUDIT _private.QIT.Coding.Private.QubitEnvironment.0.QIT.QubitActivation.rankOne_pair : [propext,
 Classical.choice,
 Quot.sound]
AUDIT _private.QIT.Coding.Private.QubitEnvironment.0.QIT.QubitActivation.rankOne_real_smul : [propext,
 Classical.choice,
 Quot.sound]
AUDIT _private.QIT.Coding.Private.QubitEvent.0.QIT.QubitActivation.paperKernel_phi : [propext,
 Classical.choice,
 Quot.sound]
AUDIT _private.QIT.Coding.Private.QubitFullEnvironment.0.QIT.QubitActivation.isometryLift_order : [propext,
 Classical.choice,
 Quot.sound]
AUDIT _private.QIT.Coding.Private.QubitRates.0.QIT.QubitActivation.log2_two_pow : [propext,
 Classical.choice,
 Quot.sound]
AUDIT _private.QIT.Coding.Private.QubitReceiver.0.QIT.QubitActivation.pullbackAmplitude_canonical : [propext,
 Classical.choice,
 Quot.sound]
AUDIT _private.QIT.Coding.Private.QubitReference.0.QIT.QubitActivation.reference_coefficient_nonneg : [propext,
 Classical.choice,
 Quot.sound]
AUDIT _private.QIT.Coding.Private.QubitReference.0.QIT.QubitActivation.reference_coefficient_pos : [propext,
 Classical.choice,
 Quot.sound]
AUDIT _private.QIT.Coding.Private.QubitStructure.0.QIT.QubitActivation.receiverKraus_zero : [propext,
 Classical.choice,
 Quot.sound]
AUDIT _private.QIT.Coding.Private.QubitStructure.0.QIT.QubitActivation.sectorScale_eq : [propext,
 Classical.choice,
 Quot.sound]
AUDIT _private.QIT.Coding.Private.QubitStructure.0.QIT.QubitActivation.sector_compressed_kraus_canonical : [propext,
 Classical.choice,
 Quot.sound]
AUDIT QIT.BinaryPreparation.bernoulliState._proof_1 : [propext, Classical.choice, Quot.sound]
AUDIT QIT.BinaryPreparation.bernoulliState._proof_2 : [propext, Classical.choice, Quot.sound]
AUDIT QIT.BinaryPreparation.bernoulliState._redArg : []
AUDIT QIT.BinaryPreparation.bernoulliState.congr_simp : [propext, Classical.choice, Quot.sound]
AUDIT QIT.BinaryPreparation.flagState._proof_1 : [propext, Classical.choice, Quot.sound]
AUDIT QIT.BinaryPreparation.flagState._proof_2 : [propext]
AUDIT QIT.BinaryPreparation.flagState.congr_simp : [propext, Classical.choice, Quot.sound]
AUDIT QIT.BinaryPreparation.flagState.eq_1 : [propext, Classical.choice, Quot.sound]
AUDIT QIT.BinaryPreparation.preparingChannel._proof_1 : [propext, Classical.choice, Quot.sound]
AUDIT QIT.BinaryPreparation.preparingChannel._proof_2 : [propext, Classical.choice, Quot.sound]
AUDIT QIT.BinaryPreparation.preparingChannel.congr_simp : [propext, Classical.choice, Quot.sound]
AUDIT QIT.BinaryPreparation.preparingChannel.eq_1 : [propext, Classical.choice, Quot.sound]
AUDIT QIT.BinaryPreparation.preparingChannel_letters._proof_1 : [propext, Classical.choice, Quot.sound]
AUDIT QIT.BinaryPreparation.residual._proof_1 : [propext, Classical.choice, Quot.sound]
AUDIT QIT.BinaryPreparation.residual._proof_2 : [propext, Classical.choice, Quot.sound]
AUDIT QIT.BinaryPreparation.residual.congr_simp : [propext, Classical.choice, Quot.sound]
AUDIT QIT.BinaryPreparation.sourceEnsemble._proof_1 : [propext, Classical.choice, Quot.sound]
AUDIT QIT.BinaryPreparation.sourceEnsemble._proof_2 : [propext, Classical.choice, Quot.sound]
AUDIT QIT.BinaryPreparation.sourceEnsemble.eq_1 : [propext, Classical.choice, Quot.sound]
AUDIT QIT.BinaryPreparation.sourceEnsemble_average._proof_1 : [propext, Classical.choice, Quot.sound]
AUDIT QIT.BinaryPreparation.sourceEnsemble_average._proof_2 : [propext, Classical.choice, Quot.sound]
AUDIT QIT.Channel.IsComplementOf.prod : [propext, Classical.choice, Quot.sound]
AUDIT QIT.Channel.blockPrivateInformation.eq_1 : [propext, Classical.choice, Quot.sound]
AUDIT QIT.Channel.complementN._proof_1 : [propext, Classical.choice, Quot.sound]
AUDIT QIT.Channel.halfErasure._proof_1 : [propext, Classical.choice, Quot.sound]
AUDIT QIT.Channel.halfErasure._proof_2 : [propext, Classical.choice, Quot.sound]
AUDIT QIT.Channel.halfErasure._proof_3 : [propext, Classical.choice, Quot.sound]
AUDIT QIT.Channel.halfErasureComplement._proof_1 : [propext, Classical.choice, Quot.sound]
AUDIT QIT.Channel.halfErasureComplement._proof_2 : [propext, Classical.choice, Quot.sound]
AUDIT QIT.Channel.halfErasureComplement.eq_1 : [propext, Classical.choice, Quot.sound]
AUDIT QIT.Channel.outputEnsemble.eq_1 : [propext, Classical.choice, Quot.sound]
AUDIT QIT.Channel.privateInformationWith.eq_1 : [propext, Classical.choice, Quot.sound]
AUDIT QIT.Channel.privateN._proof_1 : [propext, Classical.choice, Quot.sound]
AUDIT QIT.Channel.privateN._proof_2 : [propext, Classical.choice, Quot.sound]
AUDIT QIT.Channel.privateN._proof_3 : [propext, Classical.choice, Quot.sound]
AUDIT QIT.Channel.simulatorD._proof_1 : [propext, Classical.choice, Quot.sound]
AUDIT QIT.Channel.simulatorD._proof_2 : [propext, Classical.choice, Quot.sound]
AUDIT QIT.Channel.simulatorD._proof_3 : [propext, Classical.choice, Quot.sound]
AUDIT QIT.Channel.sumSwap._proof_1 : [propext, Classical.choice, Quot.sound]
AUDIT QIT.Channel.sumSwap._proof_2 : [propext, Classical.choice, Quot.sound]
AUDIT QIT.Channel.sumSwap._proof_3 : [propext, Classical.choice, Quot.sound]
AUDIT QIT.Channel.sumSwap._proof_4 : [propext, Classical.choice, Quot.sound]
AUDIT QIT.Channel.sumSwapInv._proof_1 : [propext, Classical.choice, Quot.sound]
AUDIT QIT.Channel.sumSwapInv._proof_2 : [propext, Classical.choice, Quot.sound]
AUDIT QIT.Channel.sumSwapInv._proof_3 : [propext, Classical.choice, Quot.sound]
AUDIT QIT.Channel.sumSwapInv._proof_4 : [propext, Classical.choice, Quot.sound]
AUDIT QIT.Ensemble.averageState.eq_1 : [propext, Classical.choice, Quot.sound]
AUDIT QIT.Ensemble.constantEnsemble._boxed : []
AUDIT QIT.Ensemble.constantEnsemble._proof_1 : [propext, Classical.choice, Quot.sound]
AUDIT QIT.Ensemble.constantEnsemble._redArg : []
AUDIT QIT.Ensemble.constantEnsemble.eq_1 : [propext, Classical.choice, Quot.sound]
AUDIT QIT.Ensemble.tensorPowerOne._boxed : []
AUDIT QIT.Ensemble.tensorPowerOne._redArg : []
AUDIT QIT.Ensemble.tensorPowerOne.eq_1 : [propext, Classical.choice, Quot.sound]
AUDIT QIT.Ensemble.transposeEnsemble._boxed : []
AUDIT QIT.Ensemble.transposeEnsemble._redArg : []
AUDIT QIT.MatrixMap.complementOfKraus._proof_1 : [propext, Classical.choice, Quot.sound]
AUDIT QIT.MatrixMap.complementOfKraus._proof_2 : [propext, Classical.choice, Quot.sound]
AUDIT QIT.MatrixMap.transposeMap._boxed : []
AUDIT QIT.MatrixMap.transposeMap._closed_0 : []
AUDIT QIT.MatrixMap.transposeMap._proof_1 : [propext, Classical.choice, Quot.sound]
AUDIT QIT.MatrixMap.transposeMap._proof_2 : [propext, Classical.choice, Quot.sound]
AUDIT QIT.POVM.binaryOfEffect.congr_simp : [propext, Classical.choice, Quot.sound]
AUDIT QIT.POVM.binaryOfEffect.eq_1 : [propext, Classical.choice, Quot.sound]
AUDIT QIT.POVM.coordinate.eq_1 : [propext, Classical.choice, Quot.sound]
AUDIT QIT.POVM.isometryLiftState.eq_1 : [propext, Classical.choice, Quot.sound]
AUDIT QIT.QubitActivation.branchProbability._proof_1 : [propext]
AUDIT QIT.QubitActivation.branchProbability._proof_2 : [propext]
AUDIT QIT.QubitActivation.branchProbability.eq_1 : [propext, Classical.choice, Quot.sound]
AUDIT QIT.QubitActivation.certifiedRate._proof_1 : [propext]
AUDIT QIT.QubitActivation.certifiedRate._proof_2 : [propext]
AUDIT QIT.QubitActivation.certifiedRate.eq_1 : [propext, Classical.choice, Quot.sound]
AUDIT QIT.QubitActivation.deformationNorm._closed_0 : []
AUDIT QIT.QubitActivation.deformationNorm._proof_1 : [propext]
AUDIT QIT.QubitActivation.deformationNorm.eq_1 : [propext, Classical.choice, Quot.sound]
AUDIT QIT.QubitActivation.deformedAverage._proof_1 : [propext, Classical.choice, Quot.sound]
AUDIT QIT.QubitActivation.deformedAverage._proof_2 : [propext, Classical.choice, Quot.sound]
AUDIT QIT.QubitActivation.deformedAverage.eq_1 : [propext, Classical.choice, Quot.sound]
AUDIT QIT.QubitActivation.deformedBTable.eq_1 : [propext, Classical.choice, Quot.sound]
AUDIT QIT.QubitActivation.deformedBase._proof_1 : [propext, Classical.choice, Quot.sound]
AUDIT QIT.QubitActivation.deformedBase._proof_2 : [propext, Classical.choice, Quot.sound]
AUDIT QIT.QubitActivation.deformedBase._proof_3 : [propext]
AUDIT QIT.QubitActivation.deformedBase._proof_4 : [propext, Classical.choice, Quot.sound]
AUDIT QIT.QubitActivation.deformedBase.eq_1 : [propext, Classical.choice, Quot.sound]
AUDIT QIT.QubitActivation.deformedBetaTable._proof_1 : [propext]
AUDIT QIT.QubitActivation.deformedBetaTable._proof_2 : [propext]
AUDIT QIT.QubitActivation.deformedBetaTable._proof_3 : [propext]
AUDIT QIT.QubitActivation.deformedBetaTable._proof_4 : [propext]
AUDIT QIT.QubitActivation.deformedBetaTable._proof_5 : [propext]
AUDIT QIT.QubitActivation.deformedBetaTable._proof_6 : [propext]
AUDIT QIT.QubitActivation.deformedBetaTable._proof_7 : [propext]
AUDIT QIT.QubitActivation.deformedBetaTable.eq_1 : [propext, Classical.choice, Quot.sound]
AUDIT QIT.QubitActivation.deformedBlock0._proof_1 : [propext]
AUDIT QIT.QubitActivation.deformedBlock0._proof_2 : [propext]
AUDIT QIT.QubitActivation.deformedBlock0._proof_3 : [propext]
AUDIT QIT.QubitActivation.deformedBlock0._proof_4 : [propext]
AUDIT QIT.QubitActivation.deformedBlock0._proof_5 : [propext]
AUDIT QIT.QubitActivation.deformedBlock0._proof_6 : [propext]
AUDIT QIT.QubitActivation.deformedBlock0._proof_7 : [propext]
AUDIT QIT.QubitActivation.deformedBlock0._proof_8 : [propext]
AUDIT QIT.QubitActivation.deformedBlock0.eq_1 : [propext, Classical.choice, Quot.sound]
AUDIT QIT.QubitActivation.deformedBlock1._boxed : []
AUDIT QIT.QubitActivation.deformedBlock1._redArg : []
AUDIT QIT.QubitActivation.deformedBlock1.eq_1 : [propext, Classical.choice, Quot.sound]
AUDIT QIT.QubitActivation.deformedBlock2._proof_1 : [propext]
AUDIT QIT.QubitActivation.deformedBlock2._proof_2 : [propext]
AUDIT QIT.QubitActivation.deformedBlock2.eq_1 : [propext, Classical.choice, Quot.sound]
AUDIT QIT.QubitActivation.deformedBlock3.eq_1 : [propext, Classical.choice, Quot.sound]
AUDIT QIT.QubitActivation.deformedBlock4.eq_1 : [propext, Classical.choice, Quot.sound]
AUDIT QIT.QubitActivation.deformedBlock5.eq_1 : [propext, Classical.choice, Quot.sound]
AUDIT QIT.QubitActivation.deformedBlock6.eq_1 : [propext, Classical.choice, Quot.sound]
AUDIT QIT.QubitActivation.deformedBlock7._boxed : []
AUDIT QIT.QubitActivation.deformedBlock7._redArg : []
AUDIT QIT.QubitActivation.deformedBlock7.eq_1 : [propext, Classical.choice, Quot.sound]
AUDIT QIT.QubitActivation.deformedBlockDiagonal.eq_1 : [propext, Classical.choice, Quot.sound]
AUDIT QIT.QubitActivation.deformedBlockEffect.eq_1 : [propext, Classical.choice, Quot.sound]
AUDIT QIT.QubitActivation.deformedBlockEffect.eq_2 : [propext, Classical.choice, Quot.sound]
AUDIT QIT.QubitActivation.deformedBlockEffect.match_1 : []
AUDIT QIT.QubitActivation.deformedBlockNatural._closed_0 : []
AUDIT QIT.QubitActivation.deformedBlockNatural._closed_1 : []
AUDIT QIT.QubitActivation.deformedBlockNatural._closed_10 : []
AUDIT QIT.QubitActivation.deformedBlockNatural._closed_11 : []
AUDIT QIT.QubitActivation.deformedBlockNatural._closed_12 : []
AUDIT QIT.QubitActivation.deformedBlockNatural._closed_13 : []
AUDIT QIT.QubitActivation.deformedBlockNatural._closed_14 : []
AUDIT QIT.QubitActivation.deformedBlockNatural._closed_15 : []
AUDIT QIT.QubitActivation.deformedBlockNatural._closed_16 : []
AUDIT QIT.QubitActivation.deformedBlockNatural._closed_17 : []
AUDIT QIT.QubitActivation.deformedBlockNatural._closed_18 : []
AUDIT QIT.QubitActivation.deformedBlockNatural._closed_19 : []
AUDIT QIT.QubitActivation.deformedBlockNatural._closed_2 : []
AUDIT QIT.QubitActivation.deformedBlockNatural._closed_3 : []
AUDIT QIT.QubitActivation.deformedBlockNatural._closed_4 : []
AUDIT QIT.QubitActivation.deformedBlockNatural._closed_5 : []
AUDIT QIT.QubitActivation.deformedBlockNatural._closed_6 : []
AUDIT QIT.QubitActivation.deformedBlockNatural._closed_7 : []
AUDIT QIT.QubitActivation.deformedBlockNatural._closed_8 : []
AUDIT QIT.QubitActivation.deformedBlockNatural._closed_9 : []
AUDIT QIT.QubitActivation.deformedBlockPermutation._proof_1 : [propext, Classical.choice, Quot.sound]
AUDIT QIT.QubitActivation.deformedBlockPermutation._proof_2 : [propext]
AUDIT QIT.QubitActivation.deformedCoefficients._proof_1 : [propext]
AUDIT QIT.QubitActivation.deformedCoefficients._proof_10 : [propext]
AUDIT QIT.QubitActivation.deformedCoefficients._proof_11 : [propext]
AUDIT QIT.QubitActivation.deformedCoefficients._proof_12 : [propext]
AUDIT QIT.QubitActivation.deformedCoefficients._proof_13 : [propext]
AUDIT QIT.QubitActivation.deformedCoefficients._proof_14 : [propext]
AUDIT QIT.QubitActivation.deformedCoefficients._proof_15 : [propext]
AUDIT QIT.QubitActivation.deformedCoefficients._proof_16 : [propext]
AUDIT QIT.QubitActivation.deformedCoefficients._proof_17 : [propext]
AUDIT QIT.QubitActivation.deformedCoefficients._proof_18 : [propext]
AUDIT QIT.QubitActivation.deformedCoefficients._proof_19 : [propext]
AUDIT QIT.QubitActivation.deformedCoefficients._proof_2 : [propext]
AUDIT QIT.QubitActivation.deformedCoefficients._proof_20 : [propext]
AUDIT QIT.QubitActivation.deformedCoefficients._proof_21 : [propext]
AUDIT QIT.QubitActivation.deformedCoefficients._proof_3 : [propext]
AUDIT QIT.QubitActivation.deformedCoefficients._proof_4 : [propext]
AUDIT QIT.QubitActivation.deformedCoefficients._proof_5 : [propext]
AUDIT QIT.QubitActivation.deformedCoefficients._proof_6 : [propext]
AUDIT QIT.QubitActivation.deformedCoefficients._proof_7 : [propext]
AUDIT QIT.QubitActivation.deformedCoefficients._proof_8 : [propext]
AUDIT QIT.QubitActivation.deformedCoefficients._proof_9 : [propext]
AUDIT QIT.QubitActivation.deformedCoefficients.eq_1 : [propext, Classical.choice, Quot.sound]
AUDIT QIT.QubitActivation.deformedEnsemble._proof_1 : [propext, Classical.choice, Quot.sound]
AUDIT QIT.QubitActivation.deformedEnsemble._proof_2 : [propext, Classical.choice, Quot.sound]
AUDIT QIT.QubitActivation.deformedEnsemble._proof_3 : [propext, Classical.choice, Quot.sound]
AUDIT QIT.QubitActivation.deformedEnsemble.eq_1 : [propext, Classical.choice, Quot.sound]
AUDIT QIT.QubitActivation.deformedEpsilonTable.eq_1 : [propext, Classical.choice, Quot.sound]
AUDIT QIT.QubitActivation.deformedFullVector._sparseCasesOn_1 : [propext]
AUDIT QIT.QubitActivation.deformedFullVector._sparseCasesOn_2 : [propext]
AUDIT QIT.QubitActivation.deformedFullVector.eq_1 : [propext, Classical.choice, Quot.sound]
AUDIT QIT.QubitActivation.deformedFullVector.eq_2 : [propext, Classical.choice, Quot.sound]
AUDIT QIT.QubitActivation.deformedFullVector.eq_3 : [propext, Classical.choice, Quot.sound]
AUDIT QIT.QubitActivation.deformedFullVector.match_1 : [propext]
AUDIT QIT.QubitActivation.deformedInputTable.eq_1 : [propext, Classical.choice, Quot.sound]
AUDIT QIT.QubitActivation.deformedKet0.eq_1 : [propext, Classical.choice, Quot.sound]
AUDIT QIT.QubitActivation.deformedKet1.eq_1 : [propext, Classical.choice, Quot.sound]
AUDIT QIT.QubitActivation.deformedLetter._proof_2 : [propext, Classical.choice, Quot.sound]
AUDIT QIT.QubitActivation.deformedLetter._proof_3 : [propext, Classical.choice, Quot.sound]
AUDIT QIT.QubitActivation.deformedLetter.eq_1 : [propext, Classical.choice, Quot.sound]
AUDIT QIT.QubitActivation.deformedMeasurement._proof_1 : [propext, Classical.choice, Quot.sound]
AUDIT QIT.QubitActivation.deformedMeasurement.eq_1 : [propext, Classical.choice, Quot.sound]
AUDIT QIT.QubitActivation.deformedMeasurementTable._proof_1 : [propext]
AUDIT QIT.QubitActivation.deformedMeasurementTable._proof_2 : [propext]
AUDIT QIT.QubitActivation.deformedMeasurementTable._proof_3 : [propext]
AUDIT QIT.QubitActivation.deformedMeasurementTable._proof_4 : [propext]
AUDIT QIT.QubitActivation.deformedMeasurementTable._proof_5 : [propext]
AUDIT QIT.QubitActivation.deformedMeasurementTable.eq_1 : [propext, Classical.choice, Quot.sound]
AUDIT QIT.QubitActivation.deformedMixing._proof_1 : [propext]
AUDIT QIT.QubitActivation.deformedMixing.eq_1 : [propext, Classical.choice, Quot.sound]
AUDIT QIT.QubitActivation.deformedNumericB._proof_1 : [propext]
AUDIT QIT.QubitActivation.deformedNumericB._proof_10 : [propext]
AUDIT QIT.QubitActivation.deformedNumericB._proof_2 : [propext]
AUDIT QIT.QubitActivation.deformedNumericB._proof_3 : [propext]
AUDIT QIT.QubitActivation.deformedNumericB._proof_4 : [propext]
AUDIT QIT.QubitActivation.deformedNumericB._proof_5 : [propext]
AUDIT QIT.QubitActivation.deformedNumericB._proof_6 : [propext]
AUDIT QIT.QubitActivation.deformedNumericB._proof_7 : [propext]
AUDIT QIT.QubitActivation.deformedNumericB._proof_8 : [propext]
AUDIT QIT.QubitActivation.deformedNumericB._proof_9 : [propext]
AUDIT QIT.QubitActivation.deformedNumericB.eq_1 : [propext, Classical.choice, Quot.sound]
AUDIT QIT.QubitActivation.deformedNumericE._proof_1 : [propext]
AUDIT QIT.QubitActivation.deformedNumericE._proof_10 : [propext]
AUDIT QIT.QubitActivation.deformedNumericE._proof_11 : [propext]
AUDIT QIT.QubitActivation.deformedNumericE._proof_12 : [propext]
AUDIT QIT.QubitActivation.deformedNumericE._proof_13 : [propext]
AUDIT QIT.QubitActivation.deformedNumericE._proof_14 : [propext]
AUDIT QIT.QubitActivation.deformedNumericE._proof_15 : [propext]
AUDIT QIT.QubitActivation.deformedNumericE._proof_16 : [propext]
AUDIT QIT.QubitActivation.deformedNumericE._proof_17 : [propext]
AUDIT QIT.QubitActivation.deformedNumericE._proof_18 : [propext]
AUDIT QIT.QubitActivation.deformedNumericE._proof_19 : [propext]
AUDIT QIT.QubitActivation.deformedNumericE._proof_2 : [propext]
AUDIT QIT.QubitActivation.deformedNumericE._proof_3 : [propext]
AUDIT QIT.QubitActivation.deformedNumericE._proof_4 : [propext]
AUDIT QIT.QubitActivation.deformedNumericE._proof_5 : [propext]
AUDIT QIT.QubitActivation.deformedNumericE._proof_6 : [propext]
AUDIT QIT.QubitActivation.deformedNumericE._proof_7 : [propext]
AUDIT QIT.QubitActivation.deformedNumericE._proof_8 : [propext]
AUDIT QIT.QubitActivation.deformedNumericE._proof_9 : [propext]
AUDIT QIT.QubitActivation.deformedNumericE.eq_1 : [propext, Classical.choice, Quot.sound]
AUDIT QIT.QubitActivation.deformedNumericHolevo._proof_1 : [propext]
AUDIT QIT.QubitActivation.deformedNumericHolevo._proof_2 : [propext]
AUDIT QIT.QubitActivation.deformedNumericHolevo._proof_3 : [propext]
AUDIT QIT.QubitActivation.deformedNumericHolevo._proof_4 : [propext]
AUDIT QIT.QubitActivation.deformedNumericM._proof_1 : [propext]
AUDIT QIT.QubitActivation.deformedNumericM._proof_10 : [propext]
AUDIT QIT.QubitActivation.deformedNumericM._proof_11 : [propext]
AUDIT QIT.QubitActivation.deformedNumericM._proof_12 : [propext]
AUDIT QIT.QubitActivation.deformedNumericM._proof_13 : [propext]
AUDIT QIT.QubitActivation.deformedNumericM._proof_14 : [propext]
AUDIT QIT.QubitActivation.deformedNumericM._proof_15 : [propext]
AUDIT QIT.QubitActivation.deformedNumericM._proof_16 : [propext]
AUDIT QIT.QubitActivation.deformedNumericM._proof_17 : [propext]
AUDIT QIT.QubitActivation.deformedNumericM._proof_18 : [propext]
AUDIT QIT.QubitActivation.deformedNumericM._proof_19 : [propext]
AUDIT QIT.QubitActivation.deformedNumericM._proof_2 : [propext]
AUDIT QIT.QubitActivation.deformedNumericM._proof_20 : [propext]
AUDIT QIT.QubitActivation.deformedNumericM._proof_21 : [propext]
AUDIT QIT.QubitActivation.deformedNumericM._proof_22 : [propext]
AUDIT QIT.QubitActivation.deformedNumericM._proof_23 : [propext]
AUDIT QIT.QubitActivation.deformedNumericM._proof_24 : [propext]
AUDIT QIT.QubitActivation.deformedNumericM._proof_25 : [propext]
AUDIT QIT.QubitActivation.deformedNumericM._proof_3 : [propext]
AUDIT QIT.QubitActivation.deformedNumericM._proof_4 : [propext]
AUDIT QIT.QubitActivation.deformedNumericM._proof_5 : [propext]
AUDIT QIT.QubitActivation.deformedNumericM._proof_6 : [propext]
AUDIT QIT.QubitActivation.deformedNumericM._proof_7 : [propext]
AUDIT QIT.QubitActivation.deformedNumericM._proof_8 : [propext]
AUDIT QIT.QubitActivation.deformedNumericM._proof_9 : [propext]
AUDIT QIT.QubitActivation.deformedNumericM.eq_1 : [propext, Classical.choice, Quot.sound]
AUDIT QIT.QubitActivation.deformedNumericPolynomial.eq_1 : [propext, Classical.choice, Quot.sound]
AUDIT QIT.QubitActivation.deformedNumericRate._proof_1 : [propext]
AUDIT QIT.QubitActivation.deformedNumericRoots.eq_1 : [propext, Classical.choice, Quot.sound]
AUDIT QIT.QubitActivation.deformedNumericSigmaEntropy.eq_1 : [propext, Classical.choice, Quot.sound]
AUDIT QIT.QubitActivation.deformedPoly0._proof_1 : [propext]
AUDIT QIT.QubitActivation.deformedPoly0._proof_10 : [propext]
AUDIT QIT.QubitActivation.deformedPoly0._proof_11 : [propext]
AUDIT QIT.QubitActivation.deformedPoly0._proof_2 : [propext]
AUDIT QIT.QubitActivation.deformedPoly0._proof_3 : [propext]
AUDIT QIT.QubitActivation.deformedPoly0._proof_4 : [propext]
AUDIT QIT.QubitActivation.deformedPoly0._proof_5 : [propext]
AUDIT QIT.QubitActivation.deformedPoly0._proof_6 : [propext]
AUDIT QIT.QubitActivation.deformedPoly0._proof_7 : [propext]
AUDIT QIT.QubitActivation.deformedPoly0._proof_8 : [propext]
AUDIT QIT.QubitActivation.deformedPoly0._proof_9 : [propext]
AUDIT QIT.QubitActivation.deformedPoly0.eq_1 : [propext, Classical.choice, Quot.sound]
AUDIT QIT.QubitActivation.deformedPoly2.eq_1 : [propext, Classical.choice, Quot.sound]
AUDIT QIT.QubitActivation.deformedPoly3._proof_1 : [propext]
AUDIT QIT.QubitActivation.deformedPoly3._proof_2 : [propext]
AUDIT QIT.QubitActivation.deformedPoly3.eq_1 : [propext, Classical.choice, Quot.sound]
AUDIT QIT.QubitActivation.deformedProbability._proof_1 : [propext]
AUDIT QIT.QubitActivation.deformedProbability.eq_1 : [propext, Classical.choice, Quot.sound]
AUDIT QIT.QubitActivation.deformedR0._proof_1 : [propext]
AUDIT QIT.QubitActivation.deformedR0._proof_2 : [propext]
AUDIT QIT.QubitActivation.deformedR0.eq_1 : [propext, Classical.choice, Quot.sound]
AUDIT QIT.QubitActivation.deformedR1._proof_1 : [propext]
AUDIT QIT.QubitActivation.deformedR1.eq_1 : [propext, Classical.choice, Quot.sound]
AUDIT QIT.QubitActivation.deformedRAIndex._closed_0 : []
AUDIT QIT.QubitActivation.deformedREIndex._closed_0 : []
AUDIT QIT.QubitActivation.deformedReceiverVector._proof_1 : [propext]
AUDIT QIT.QubitActivation.deformedReceiverVector._proof_2 : [propext]
AUDIT QIT.QubitActivation.deformedReceiverVector.eq_1 : [propext, Classical.choice, Quot.sound]
AUDIT QIT.QubitActivation.deformedReferenceMeasurement._proof_1 : [propext, Classical.choice, Quot.sound]
AUDIT QIT.QubitActivation.deformedReferenceMeasurement.eq_1 : [propext, Classical.choice, Quot.sound]
AUDIT QIT.QubitActivation.deformedShannon.eq_1 : [propext, Classical.choice, Quot.sound]
AUDIT QIT.QubitActivation.deformedSigmaTable._proof_1 : [propext]
AUDIT QIT.QubitActivation.deformedSigmaTable._proof_2 : [propext]
AUDIT QIT.QubitActivation.deformedSigmaTable._proof_3 : [propext]
AUDIT QIT.QubitActivation.deformedSigmaTable._proof_4 : [propext]
AUDIT QIT.QubitActivation.deformedSigmaTable.eq_1 : [propext, Classical.choice, Quot.sound]
AUDIT QIT.QubitActivation.deformedTestState._proof_1 : [propext, Classical.choice, Quot.sound]
AUDIT QIT.QubitActivation.deformedTestState._proof_2 : [propext, Classical.choice, Quot.sound]
AUDIT QIT.QubitActivation.deformedTestState.eq_1 : [propext, Classical.choice, Quot.sound]
AUDIT QIT.QubitActivation.deformed_numeric_poly_0_0._proof_1 : [propext]
AUDIT QIT.QubitActivation.deformed_numeric_poly_0_0._proof_2 : [propext]
AUDIT QIT.QubitActivation.deformed_numeric_poly_0_0._proof_3 : [propext]
AUDIT QIT.QubitActivation.deformed_numeric_poly_0_0._proof_4 : [propext]
AUDIT QIT.QubitActivation.deformed_numeric_poly_0_0.eq_1 : [propext, Classical.choice, Quot.sound]
AUDIT QIT.QubitActivation.deformed_numeric_poly_0_2._proof_1 : [propext]
AUDIT QIT.QubitActivation.deformed_numeric_poly_0_2.eq_1 : [propext, Classical.choice, Quot.sound]
AUDIT QIT.QubitActivation.deformed_numeric_poly_0_3._proof_1 : [propext]
AUDIT QIT.QubitActivation.deformed_numeric_poly_0_3._proof_2 : [propext]
AUDIT QIT.QubitActivation.deformed_numeric_poly_0_3.eq_1 : [propext, Classical.choice, Quot.sound]
AUDIT QIT.QubitActivation.deformed_numeric_poly_1_0._proof_1 : [propext]
AUDIT QIT.QubitActivation.deformed_numeric_poly_1_0._proof_2 : [propext]
AUDIT QIT.QubitActivation.deformed_numeric_poly_1_0._proof_3 : [propext]
AUDIT QIT.QubitActivation.deformed_numeric_poly_1_0._proof_4 : [propext]
AUDIT QIT.QubitActivation.deformed_numeric_poly_1_0._proof_5 : [propext]
AUDIT QIT.QubitActivation.deformed_numeric_poly_1_0._proof_6 : [propext]
AUDIT QIT.QubitActivation.deformed_numeric_poly_1_0.eq_1 : [propext, Classical.choice, Quot.sound]
AUDIT QIT.QubitActivation.deformed_numeric_poly_1_2._proof_1 : [propext]
AUDIT QIT.QubitActivation.deformed_numeric_poly_1_2._proof_2 : [propext]
AUDIT QIT.QubitActivation.deformed_numeric_poly_1_2.eq_1 : [propext, Classical.choice, Quot.sound]
AUDIT QIT.QubitActivation.deformed_numeric_poly_1_3._proof_1 : [propext]
AUDIT QIT.QubitActivation.deformed_numeric_poly_1_3._proof_2 : [propext]
AUDIT QIT.QubitActivation.deformed_numeric_poly_1_3._proof_3 : [propext]
AUDIT QIT.QubitActivation.deformed_numeric_poly_1_3._proof_4 : [propext]
AUDIT QIT.QubitActivation.deformed_numeric_poly_1_3.eq_1 : [propext, Classical.choice, Quot.sound]
AUDIT QIT.QubitActivation.deformed_numeric_poly_2_0._proof_1 : [propext]
AUDIT QIT.QubitActivation.deformed_numeric_poly_2_0._proof_2 : [propext]
AUDIT QIT.QubitActivation.deformed_numeric_poly_2_0._proof_3 : [propext]
AUDIT QIT.QubitActivation.deformed_numeric_poly_2_0._proof_4 : [propext]
AUDIT QIT.QubitActivation.deformed_numeric_poly_2_0._proof_5 : [propext]
AUDIT QIT.QubitActivation.deformed_numeric_poly_2_0._proof_6 : [propext]
AUDIT QIT.QubitActivation.deformed_numeric_poly_2_0.eq_1 : [propext, Classical.choice, Quot.sound]
AUDIT QIT.QubitActivation.deformed_numeric_poly_2_2._proof_1 : [propext]
AUDIT QIT.QubitActivation.deformed_numeric_poly_2_2._proof_2 : [propext]
AUDIT QIT.QubitActivation.deformed_numeric_poly_2_2._proof_3 : [propext]
AUDIT QIT.QubitActivation.deformed_numeric_poly_2_2._proof_4 : [propext]
AUDIT QIT.QubitActivation.deformed_numeric_poly_2_2.eq_1 : [propext, Classical.choice, Quot.sound]
AUDIT QIT.QubitActivation.deformed_numeric_poly_2_3._proof_1 : [propext]
AUDIT QIT.QubitActivation.deformed_numeric_poly_2_3._proof_2 : [propext]
AUDIT QIT.QubitActivation.deformed_numeric_poly_2_3._proof_3 : [propext]
AUDIT QIT.QubitActivation.deformed_numeric_poly_2_3._proof_4 : [propext]
AUDIT QIT.QubitActivation.deformed_numeric_poly_2_3.eq_1 : [propext, Classical.choice, Quot.sound]
AUDIT QIT.QubitActivation.deformed_root_0_0_0.eq_1 : [propext, Classical.choice, Quot.sound]
AUDIT QIT.QubitActivation.deformed_root_0_0_1._proof_1 : [propext]
AUDIT QIT.QubitActivation.deformed_root_0_0_1._proof_2 : [propext]
AUDIT QIT.QubitActivation.deformed_root_0_0_1._proof_3 : [propext]
AUDIT QIT.QubitActivation.deformed_root_0_0_1._proof_4 : [propext]
AUDIT QIT.QubitActivation.deformed_root_0_0_2._proof_1 : [propext]
AUDIT QIT.QubitActivation.deformed_root_0_0_2._proof_2 : [propext]
AUDIT QIT.QubitActivation.deformed_root_0_0_2._proof_3 : [propext]
AUDIT QIT.QubitActivation.deformed_root_0_2_0.eq_1 : [propext, Classical.choice, Quot.sound]
AUDIT QIT.QubitActivation.deformed_root_0_2_1.eq_1 : [propext, Classical.choice, Quot.sound]
AUDIT QIT.QubitActivation.deformed_root_0_3_0.eq_1 : [propext, Classical.choice, Quot.sound]
AUDIT QIT.QubitActivation.deformed_root_0_3_1.eq_1 : [propext, Classical.choice, Quot.sound]
AUDIT QIT.QubitActivation.deformed_root_1_0_0._proof_1 : [propext]
AUDIT QIT.QubitActivation.deformed_root_1_0_0._proof_2 : [propext]
AUDIT QIT.QubitActivation.deformed_root_1_0_1._proof_1 : [propext]
AUDIT QIT.QubitActivation.deformed_root_1_0_1._proof_2 : [propext]
AUDIT QIT.QubitActivation.deformed_root_1_0_1._proof_3 : [propext]
AUDIT QIT.QubitActivation.deformed_root_1_0_2._proof_1 : [propext]
AUDIT QIT.QubitActivation.deformed_root_1_0_2._proof_2 : [propext]
AUDIT QIT.QubitActivation.deformed_root_1_0_2._proof_3 : [propext]
AUDIT QIT.QubitActivation.deformed_root_1_2_0.eq_1 : [propext, Classical.choice, Quot.sound]
AUDIT QIT.QubitActivation.deformed_root_1_2_1.eq_1 : [propext, Classical.choice, Quot.sound]
AUDIT QIT.QubitActivation.deformed_root_1_3_0._proof_1 : [propext]
AUDIT QIT.QubitActivation.deformed_root_1_3_0._proof_2 : [propext]
AUDIT QIT.QubitActivation.deformed_root_1_3_1._proof_1 : [propext]
AUDIT QIT.QubitActivation.deformed_root_1_3_1._proof_2 : [propext]
AUDIT QIT.QubitActivation.deformed_root_1_3_1._proof_3 : [propext]
AUDIT QIT.QubitActivation.deformed_root_1_3_1._proof_4 : [propext]
AUDIT QIT.QubitActivation.deformed_root_2_0_0._proof_1 : [propext]
AUDIT QIT.QubitActivation.deformed_root_2_0_0._proof_2 : [propext]
AUDIT QIT.QubitActivation.deformed_root_2_0_0._proof_3 : [propext]
AUDIT QIT.QubitActivation.deformed_root_2_0_1._proof_1 : [propext]
AUDIT QIT.QubitActivation.deformed_root_2_0_1._proof_2 : [propext]
AUDIT QIT.QubitActivation.deformed_root_2_0_2._proof_1 : [propext]
AUDIT QIT.QubitActivation.deformed_root_2_0_2._proof_2 : [propext]
AUDIT QIT.QubitActivation.deformed_root_2_2_0._proof_1 : [propext]
AUDIT QIT.QubitActivation.deformed_root_2_2_0._proof_2 : [propext]
AUDIT QIT.QubitActivation.deformed_root_2_2_1._proof_1 : [propext]
AUDIT QIT.QubitActivation.deformed_root_2_2_1._proof_2 : [propext]
AUDIT QIT.QubitActivation.deformed_root_2_2_1._proof_3 : [propext]
AUDIT QIT.QubitActivation.deformed_root_2_3_0._proof_1 : [propext]
AUDIT QIT.QubitActivation.deformed_root_2_3_0._proof_2 : [propext]
AUDIT QIT.QubitActivation.deformed_root_2_3_0._proof_3 : [propext]
AUDIT QIT.QubitActivation.deformed_root_2_3_1._proof_1 : [propext]
AUDIT QIT.QubitActivation.deformed_root_2_3_1._proof_2 : [propext]
AUDIT QIT.QubitActivation.deformed_root_2_3_1._proof_3 : [propext]
AUDIT QIT.QubitActivation.deformed_roots_0_0.eq_1 : [propext, Classical.choice, Quot.sound]
AUDIT QIT.QubitActivation.deformed_roots_0_2.eq_1 : [propext, Classical.choice, Quot.sound]
AUDIT QIT.QubitActivation.deformed_roots_0_3.eq_1 : [propext, Classical.choice, Quot.sound]
AUDIT QIT.QubitActivation.deformed_roots_1_0.eq_1 : [propext, Classical.choice, Quot.sound]
AUDIT QIT.QubitActivation.deformed_roots_1_2.eq_1 : [propext, Classical.choice, Quot.sound]
AUDIT QIT.QubitActivation.deformed_roots_1_3.eq_1 : [propext, Classical.choice, Quot.sound]
AUDIT QIT.QubitActivation.deformed_roots_2_0.eq_1 : [propext, Classical.choice, Quot.sound]
AUDIT QIT.QubitActivation.deformed_roots_2_2.eq_1 : [propext, Classical.choice, Quot.sound]
AUDIT QIT.QubitActivation.deformed_roots_2_3.eq_1 : [propext, Classical.choice, Quot.sound]
AUDIT QIT.QubitActivation.embeddedErased.eq_1 : [propext, Classical.choice, Quot.sound]
AUDIT QIT.QubitActivation.embeddedReference.eq_1 : [propext, Classical.choice, Quot.sound]
AUDIT QIT.QubitActivation.ensemble._proof_1 : [propext, Classical.choice, Quot.sound]
AUDIT QIT.QubitActivation.ensemble._proof_2 : [propext, Classical.choice, Quot.sound]
AUDIT QIT.QubitActivation.ensemble.eq_1 : [propext, Classical.choice, Quot.sound]
AUDIT QIT.QubitActivation.envAmplitude.eq_1 : [propext, Classical.choice, Quot.sound]
AUDIT QIT.QubitActivation.envErasedEmbed._lam_0 : []
AUDIT QIT.QubitActivation.envErasedEmbed.eq_1 : [propext, Classical.choice, Quot.sound]
AUDIT QIT.QubitActivation.envReferenceEmbed._closed_0 : []
AUDIT QIT.QubitActivation.envReferenceEmbed._lam_0 : []
AUDIT QIT.QubitActivation.envReferenceEmbed._lam_1 : []
AUDIT QIT.QubitActivation.envReferenceEmbed.eq_1 : [propext, Classical.choice, Quot.sound]
AUDIT QIT.QubitActivation.environmentRegisterEquiv._closed_0 : []
AUDIT QIT.QubitActivation.environmentRegisterEquiv._closed_1 : []
AUDIT QIT.QubitActivation.environmentRegisterEquiv._closed_2 : []
AUDIT QIT.QubitActivation.environmentRegisterEquiv._closed_3 : []
AUDIT QIT.QubitActivation.environmentRegisterEquiv._closed_4 : []
AUDIT QIT.QubitActivation.environmentRegisterEquiv._lam_0 : []
AUDIT QIT.QubitActivation.environmentRegisterEquiv._lam_1 : []
AUDIT QIT.QubitActivation.environmentRegisterEquiv._lam_2 : []
AUDIT QIT.QubitActivation.environmentRegisterEquiv._lam_3 : []
AUDIT QIT.QubitActivation.environmentRegisterEquiv._lam_4 : []
AUDIT QIT.QubitActivation.environmentRegisterEquiv._proof_1 : [propext]
AUDIT QIT.QubitActivation.environmentRegisterEquiv._proof_2 : [propext]
AUDIT QIT.QubitActivation.environmentRegisterEquiv._proof_3 : [propext]
AUDIT QIT.QubitActivation.environmentRegisterEquiv.eq_1 : [propext]
AUDIT QIT.QubitActivation.fixedEnsemble._proof_1 : [propext, Classical.choice, Quot.sound]
AUDIT QIT.QubitActivation.fixedEnsemble._proof_2 : [propext, Classical.choice, Quot.sound]
AUDIT QIT.QubitActivation.fullEventVector.eq_1 : [propext, Classical.choice, Quot.sound]
AUDIT QIT.QubitActivation.instDecidableEqDeformedBlocks._boxed : []
AUDIT QIT.QubitActivation.instDecidableEqDeformedBlocks._closed_0 : []
AUDIT QIT.QubitActivation.instDecidableEqDeformedBlocks._closed_1 : []
AUDIT QIT.QubitActivation.instDecidableEqDeformedBlocks._lam_0 : []
AUDIT QIT.QubitActivation.instDecidableEqDeformedBlocks._lam_1 : []
AUDIT QIT.QubitActivation.instDecidableEqDeformedBlocks._lam_2 : []
AUDIT QIT.QubitActivation.instDecidableEqDeformedBlocks._lam_3 : []
AUDIT QIT.QubitActivation.instDecidableEqDeformedBlocks._lam_4 : []
AUDIT QIT.QubitActivation.instDecidableEqDeformedBlocks._lam_5 : []
AUDIT QIT.QubitActivation.logError.eq_1 : [propext, Classical.choice, Quot.sound]
AUDIT QIT.QubitActivation.logPartial._proof_1 : [propext]
AUDIT QIT.QubitActivation.logPartial.eq_1 : [propext, Classical.choice, Quot.sound]
AUDIT QIT.QubitActivation.mixInput._proof_1 : [propext, Classical.choice, Quot.sound]
AUDIT QIT.QubitActivation.mixInput._proof_2 : [propext, Classical.choice, Quot.sound]
AUDIT QIT.QubitActivation.mixInput._proof_3 : [propext, Classical.choice, Quot.sound]
AUDIT QIT.QubitActivation.mixInput._proof_4 : [propext, Classical.choice, Quot.sound]
AUDIT QIT.QubitActivation.mixInput._redArg : []
AUDIT QIT.QubitActivation.mixInput.eq_1 : [propext, Classical.choice, Quot.sound]
AUDIT QIT.QubitActivation.negativePTVector.eq_1 : [propext, Classical.choice, Quot.sound]
AUDIT QIT.QubitActivation.paperKernel._proof_1 : [propext]
AUDIT QIT.QubitActivation.paperKernel._proof_2 : [propext]
AUDIT QIT.QubitActivation.paperKernel._proof_3 : [propext]
AUDIT QIT.QubitActivation.paperKernel._proof_4 : [propext]
AUDIT QIT.QubitActivation.paperKernel.eq_1 : [propext, Classical.choice, Quot.sound]
AUDIT QIT.QubitActivation.phi.eq_1 : [propext, Classical.choice, Quot.sound]
AUDIT QIT.QubitActivation.phi0._proof_1 : [propext]
AUDIT QIT.QubitActivation.phi0._proof_2 : [propext]
AUDIT QIT.QubitActivation.phi0.eq_1 : [propext, Classical.choice, Quot.sound]
AUDIT QIT.QubitActivation.phi1.eq_1 : [propext, Classical.choice, Quot.sound]
AUDIT QIT.QubitActivation.phi2.eq_1 : [propext, Classical.choice, Quot.sound]
AUDIT QIT.QubitActivation.phiCanonical._proof_1 : [propext]
AUDIT QIT.QubitActivation.phiCanonical.eq_1 : [propext, Classical.choice, Quot.sound]
AUDIT QIT.QubitActivation.productChannel.eq_1 : [propext, Classical.choice, Quot.sound]
AUDIT QIT.QubitActivation.productComplement.eq_1 : [propext, Classical.choice, Quot.sound]
AUDIT QIT.QubitActivation.productEnsemble._proof_1 : [propext, Classical.choice, Quot.sound]
AUDIT QIT.QubitActivation.pullbackAmplitude.eq_1 : [propext, Classical.choice, Quot.sound]
AUDIT QIT.QubitActivation.receiverEffect.eq_1 : [propext, Classical.choice, Quot.sound]
AUDIT QIT.QubitActivation.receiverKraus.eq_1 : [propext, Classical.choice, Quot.sound]
AUDIT QIT.QubitActivation.receiverRegisterEquiv._closed_0 : []
AUDIT QIT.QubitActivation.receiverRegisterEquiv._closed_1 : []
AUDIT QIT.QubitActivation.receiverRegisterEquiv._closed_2 : []
AUDIT QIT.QubitActivation.receiverRegisterEquiv._closed_3 : []
AUDIT QIT.QubitActivation.receiverRegisterEquiv._closed_4 : []
AUDIT QIT.QubitActivation.receiverRegisterEquiv._lam_0 : []
AUDIT QIT.QubitActivation.receiverRegisterEquiv._lam_1 : []
AUDIT QIT.QubitActivation.receiverRegisterEquiv._lam_2 : []
AUDIT QIT.QubitActivation.receiverRegisterEquiv._lam_3 : []
AUDIT QIT.QubitActivation.receiverRegisterEquiv._lam_4 : []
AUDIT QIT.QubitActivation.receiverRegisterEquiv._proof_1 : [propext]
AUDIT QIT.QubitActivation.receiverRegisterEquiv._proof_2 : [propext]
AUDIT QIT.QubitActivation.receiverRegisterEquiv._proof_3 : [propext]
AUDIT QIT.QubitActivation.receiverRegisterEquiv.eq_1 : [propext]
AUDIT QIT.QubitActivation.referenceInput._proof_1 : [propext, Classical.choice, Quot.sound]
AUDIT QIT.QubitActivation.referenceInput._proof_2 : [propext, Classical.choice, Quot.sound]
AUDIT QIT.QubitActivation.referenceMixture.eq_1 : [propext, Classical.choice, Quot.sound]
AUDIT QIT.QubitActivation.referencedEnvironment.eq_1 : [propext, Classical.choice, Quot.sound]
AUDIT QIT.QubitActivation.referencedReceiver.eq_1 : [propext, Classical.choice, Quot.sound]
AUDIT QIT.QubitActivation.remainder0._proof_1 : [propext]
AUDIT QIT.QubitActivation.remainder0._proof_2 : [propext]
AUDIT QIT.QubitActivation.remainder0._proof_3 : [propext]
AUDIT QIT.QubitActivation.remainder0._proof_4 : [propext]
AUDIT QIT.QubitActivation.remainder0.eq_1 : [propext, Classical.choice, Quot.sound]
AUDIT QIT.QubitActivation.remainder1.eq_1 : [propext, Classical.choice, Quot.sound]
AUDIT QIT.QubitActivation.rho0._proof_1 : [propext, Classical.choice, Quot.sound]
AUDIT QIT.QubitActivation.rho0._proof_2 : [propext, Classical.choice, Quot.sound]
AUDIT QIT.QubitActivation.rho0._proof_4 : [propext, Classical.choice, Quot.sound]
AUDIT QIT.QubitActivation.rho0.eq_1 : [propext, Classical.choice, Quot.sound]
AUDIT QIT.QubitActivation.rho0Mat.eq_1 : [propext, Classical.choice, Quot.sound]
AUDIT QIT.QubitActivation.rho1._proof_1 : [propext, Classical.choice, Quot.sound]
AUDIT QIT.QubitActivation.rho1._proof_2 : [propext]
AUDIT QIT.QubitActivation.rho1._proof_3 : [propext, Classical.choice, Quot.sound]
AUDIT QIT.QubitActivation.rho1.eq_1 : [propext, Classical.choice, Quot.sound]
AUDIT QIT.QubitActivation.rho1Mat.eq_1 : [propext, Classical.choice, Quot.sound]
AUDIT QIT.QubitActivation.sectorEmbedding.eq_1 : [propext, Classical.choice, Quot.sound]
AUDIT QIT.QubitActivation.sectorProjector.eq_1 : [propext, Classical.choice, Quot.sound]
AUDIT QIT.QubitActivation.signalProbability._proof_1 : [propext]
AUDIT QIT.QubitActivation.signalProbability.eq_1 : [propext, Classical.choice, Quot.sound]
AUDIT QIT.SimulatorCanonical.as.eq_1 : [propext, Classical.choice, Quot.sound]
AUDIT QIT.SimulatorCanonical.bs._proof_1 : [propext]
AUDIT QIT.SimulatorCanonical.bs._proof_2 : [propext]
AUDIT QIT.SimulatorCanonical.bs._proof_3 : [propext]
AUDIT QIT.SimulatorCanonical.bs._proof_4 : [propext]
AUDIT QIT.SimulatorCanonical.bs._proof_5 : [propext]
AUDIT QIT.SimulatorCanonical.bs._proof_6 : [propext]
AUDIT QIT.SimulatorCanonical.bs.eq_1 : [propext, Classical.choice, Quot.sound]
AUDIT QIT.SimulatorCanonical.ds.eq_1 : [propext, Classical.choice, Quot.sound]
AUDIT QIT.SimulatorCanonical.ks._proof_1 : [propext]
AUDIT QIT.SimulatorCanonical.ks._proof_2 : [propext]
AUDIT QIT.SimulatorCanonical.ks._proof_3 : [propext]
AUDIT QIT.SimulatorCanonical.ks._proof_4 : [propext]
AUDIT QIT.SimulatorCanonical.ks.eq_1 : [propext, Classical.choice, Quot.sound]
AUDIT QIT.SimulatorCanonical.r2._proof_1 : [propext]
AUDIT QIT.SimulatorCanonical.r2.eq_1 : [propext, Classical.choice, Quot.sound]
AUDIT QIT.SimulatorCanonical.r3._proof_1 : [propext]
AUDIT QIT.SimulatorCanonical.r3.eq_1 : [propext, Classical.choice, Quot.sound]
AUDIT QIT.SimulatorCanonical.r5._proof_1 : [propext]
AUDIT QIT.SimulatorCanonical.r5.eq_1 : [propext, Classical.choice, Quot.sound]
AUDIT QIT.SimulatorCanonical.r7._proof_1 : [propext]
AUDIT QIT.SimulatorCanonical.r7.eq_1 : [propext, Classical.choice, Quot.sound]
AUDIT QIT.State.transpose._boxed : []
AUDIT QIT.State.transpose._proof_1 : [propext, Classical.choice, Quot.sound]
AUDIT QIT.State.transpose._proof_2 : [propext, Classical.choice, Quot.sound]
AUDIT QIT.State.transpose._redArg : []
AUDIT QIT.erasureEmbed._redArg._closed_0 : []
AUDIT QIT.erasureEmbed._redArg._closed_1 : []
AUDIT QIT.erasureEmbed._redArg._closed_2 : []
AUDIT QIT.erasureEmbed._redArg._lam_0 : []
AUDIT QIT.erasureEmbed._redArg._lam_1 : []
AUDIT QIT.erasureEmbed._redArg._lam_2 : []
AUDIT QIT.sumSwapM._lam_0._closed_0 : []
AUDIT QIT.sumSwapMap._redArg._closed_0 : []
AUDIT QIT.sumSwapMap._redArg._closed_1 : []
AUDIT QIT.sumSwapMap._redArg._lam_0 : []
AUDIT QIT.sumSwapMap._redArg._lam_1 : []
AUDIT QIT.yM._lam_0._boxed : []
AUDIT QIT.yM._lam_0._closed_0 : []
AUDIT _private.QIT.Coding.Private.BinaryHolevo.0.QIT.BinaryPreparation.residual_reconstruct._abel_1_1 : [propext,
 Classical.choice,
 Quot.sound]
AUDIT _private.QIT.Coding.Private.CapacityBounds.0.QIT.Channel.privateInformationWith_le_privateCapacity._proof_1_2 : [propext,
 Quot.sound]
AUDIT _private.QIT.Coding.Private.ExplicitChannel.0.QIT.krausN.match_1.eq_1 : []
AUDIT _private.QIT.Coding.Private.ExplicitChannel.0.QIT.krausN.match_1.eq_2 : []
AUDIT _private.QIT.Coding.Private.ExplicitChannel.0.QIT.krausN.match_1.splitter : []
AUDIT _private.QIT.Coding.Private.ExplicitChannel.0.QIT.simulatorKraus.match_1.eq_1 : []
AUDIT _private.QIT.Coding.Private.ExplicitChannel.0.QIT.simulatorKraus.match_1.eq_2 : []
AUDIT _private.QIT.Coding.Private.ExplicitChannel.0.QIT.simulatorKraus.match_1.splitter : []
AUDIT _private.QIT.Coding.Private.HalfErasure.0.QIT.erasureKraus.match_1.eq_1 : []
AUDIT _private.QIT.Coding.Private.HalfErasure.0.QIT.erasureKraus.match_1.eq_2 : []
AUDIT _private.QIT.Coding.Private.HalfErasure.0.QIT.erasureKraus.match_1.splitter : []
AUDIT _private.QIT.Coding.Private.QubitCertificates.0.QIT.QubitActivation.envAmplitude_20._simp_1_2 : [propext,
 Classical.choice,
 Quot.sound]
AUDIT _private.QIT.Coding.Private.QubitCertificates.0.QIT.QubitActivation.envAmplitude_20._simp_1_3 : [propext,
 Classical.choice,
 Quot.sound]
AUDIT _private.QIT.Coding.Private.QubitCertificates.0.QIT.QubitActivation.envAmplitude_21._simp_1_2 : [propext,
 Classical.choice,
 Quot.sound]
AUDIT _private.QIT.Coding.Private.QubitCertificates.0.QIT.QubitActivation.envAmplitude_21._simp_1_3 : [propext,
 Classical.choice,
 Quot.sound]
AUDIT _private.QIT.Coding.Private.QubitCertificates.0.QIT.QubitActivation.envAmplitude_22._simp_1_2 : [propext,
 Classical.choice,
 Quot.sound]
AUDIT _private.QIT.Coding.Private.QubitCertificates.0.QIT.QubitActivation.envAmplitude_22._simp_1_3 : [propext,
 Classical.choice,
 Quot.sound]
AUDIT _private.QIT.Coding.Private.QubitCertificates.0.QIT.QubitActivation.envAmplitude_23._simp_1_2 : [propext,
 Classical.choice,
 Quot.sound]
AUDIT _private.QIT.Coding.Private.QubitCertificates.0.QIT.QubitActivation.envAmplitude_23._simp_1_3 : [propext,
 Classical.choice,
 Quot.sound]
AUDIT _private.QIT.Coding.Private.QubitCertificates.0.QIT.QubitActivation.phiCanonical_eq._simp_1_2 : [propext,
 Classical.choice,
 Quot.sound]
AUDIT _private.QIT.Coding.Private.QubitCertificates.0.QIT.QubitActivation.phiCanonical_eq._simp_1_3 : [propext,
 Classical.choice,
 Quot.sound]
AUDIT _private.QIT.Coding.Private.QubitCertificates.0.QIT.QubitActivation.phiCanonical_eq._simp_1_4 : [propext,
 Classical.choice,
 Quot.sound]
AUDIT _private.QIT.Coding.Private.QubitCertificates.0.QIT.QubitActivation.phiCanonical_eq._simp_1_5 : [propext,
 Classical.choice,
 Quot.sound]
AUDIT _private.QIT.Coding.Private.QubitCertificates.0.QIT.QubitActivation.sqrt_six._simp_1_1 : [propext,
 Classical.choice,
 Quot.sound]
AUDIT _private.QIT.Coding.Private.QubitCertificates.0.QIT.QubitActivation.sqrt_six._simp_1_2 : [propext,
 Classical.choice,
 Quot.sound]
AUDIT _private.QIT.Coding.Private.QubitCertificates.0.QIT.QubitActivation.sqrt_two_thirds._simp_1_1 : [propext,
 Classical.choice,
 Quot.sound]
AUDIT _private.QIT.Coding.Private.QubitCertificates.0.QIT.QubitActivation.sqrt_two_thirds._simp_1_2 : [propext,
 Classical.choice,
 Quot.sound]
AUDIT _private.QIT.Coding.Private.QubitCertificates.0.QIT.QubitActivation.sqrt_two_thirds._simp_1_3 : [propext,
 Classical.choice,
 Quot.sound]
AUDIT _private.QIT.Coding.Private.QubitCertificates.0.QIT.QubitActivation.sqrt_two_thirds._simp_1_4 : [propext,
 Classical.choice,
 Quot.sound]
AUDIT _private.QIT.Coding.Private.QubitDeformedEncoding.0.QIT.QubitActivation.deformedBase_helper_marginal._simp_1_1 : [propext,
 Classical.choice,
 Quot.sound]
AUDIT _private.QIT.Coding.Private.QubitDeformedEncoding.0.QIT.QubitActivation.deformedKet0_trace._simp_1_3 : [propext,
 Classical.choice,
 Quot.sound]
AUDIT _private.QIT.Coding.Private.QubitDeformedEncoding.0.QIT.QubitActivation.deformedKet1_trace._simp_1_3 : [propext,
 Classical.choice,
 Quot.sound]
AUDIT _private.QIT.Coding.Private.QubitDeformedEntropy.0.QIT.QubitActivation.deformedNumericPolynomial_roots._simp_1_1 : [Quot.sound]
AUDIT _private.QIT.Coding.Private.QubitDeformedMeasuredTable.0.QIT.QubitActivation.coordinate_measure_preserves_diagonal._simp_1_1 : [propext]
AUDIT _private.QIT.Coding.Private.QubitDeformedMeasuredTable.0.QIT.QubitActivation.deformedBetaTable_measurement._simp_1_4 : [propext]
AUDIT _private.QIT.Coding.Private.QubitDeformedMeasurement.0.QIT.QubitActivation.deformedFullVector_complete._simp_1_5 : [propext]
AUDIT _private.QIT.Coding.Private.QubitDeformedMeasurement.0.QIT.QubitActivation.deformedFullVector_complete._simp_1_6 : [propext]
AUDIT _private.QIT.Coding.Private.QubitDeformedOutputs.0.QIT.QubitActivation.deformedTestState_matrix._simp_1_7 : []
AUDIT _private.QIT.Coding.Private.QubitDeformedOutputs.0.QIT.QubitActivation.deformedTestState_matrix._simp_1_8 : [propext,
 Classical.choice,
 Quot.sound]
AUDIT _private.QIT.Coding.Private.QubitDeformedSpectrum.0.QIT.QubitActivation.deformedBlock0_charpoly._simp_1_3 : [propext]
AUDIT _private.QIT.Coding.Private.QubitDeformedSpectrum.0.QIT.QubitActivation.deformedBlock1_charpoly._simp_1_2 : [propext]
AUDIT _private.QIT.Coding.Private.QubitDeformedSpectrum.0.QIT.QubitActivation.deformedBlock2_charpoly._simp_1_3 : [propext]
AUDIT _private.QIT.Coding.Private.QubitDeformedSpectrum.0.QIT.QubitActivation.deformedBlock3_charpoly._simp_1_3 : [propext]
AUDIT _private.QIT.Coding.Private.QubitDeformedSpectrum.0.QIT.QubitActivation.deformedBlock4_charpoly._simp_1_3 : [propext]
AUDIT _private.QIT.Coding.Private.QubitDeformedSpectrum.0.QIT.QubitActivation.deformedBlock5_charpoly._simp_1_3 : [propext]
AUDIT _private.QIT.Coding.Private.QubitDeformedSpectrum.0.QIT.QubitActivation.deformedBlock6_charpoly._simp_1_3 : [propext]
AUDIT _private.QIT.Coding.Private.QubitDeformedSpectrum.0.QIT.QubitActivation.deformedBlock7_charpoly._simp_1_2 : [propext]
AUDIT _private.QIT.Coding.Private.QubitEncoding.0.QIT.QubitActivation.phi_inner._simp_1_5 : []
AUDIT _private.QIT.Coding.Private.QubitEncoding.0.QIT.QubitActivation.phi_inner._simp_1_6 : [propext,
 Classical.choice,
 Quot.sound]
AUDIT _private.QIT.Coding.Private.QubitEncoding.0.QIT.QubitActivation.rho0._simp_1 : [propext,
 Classical.choice,
 Quot.sound]
AUDIT _private.QIT.Coding.Private.QubitEncoding.0.QIT.QubitActivation.rho0_helper_marginal._simp_1_4 : []
AUDIT _private.QIT.Coding.Private.QubitEncoding.0.QIT.QubitActivation.rho0_helper_marginal._simp_1_5 : [propext,
 Classical.choice,
 Quot.sound]
AUDIT _private.QIT.Coding.Private.QubitEncoding.0.QIT.QubitActivation.rho0_marginal._simp_1_4 : []
AUDIT _private.QIT.Coding.Private.QubitEncoding.0.QIT.QubitActivation.rho0_marginal._simp_1_5 : [propext,
 Classical.choice,
 Quot.sound]
AUDIT _private.QIT.Coding.Private.QubitEncoding.0.QIT.QubitActivation.rho1_helper_marginal._simp_1_4 : []
AUDIT _private.QIT.Coding.Private.QubitEncoding.0.QIT.QubitActivation.rho1_helper_marginal._simp_1_5 : [propext,
 Classical.choice,
 Quot.sound]
AUDIT _private.QIT.Coding.Private.QubitEncoding.0.QIT.QubitActivation.rho1_marginal._simp_1_4 : []
AUDIT _private.QIT.Coding.Private.QubitEncoding.0.QIT.QubitActivation.rho1_marginal._simp_1_5 : [propext,
 Classical.choice,
 Quot.sound]
AUDIT _private.QIT.Coding.Private.QubitEnvironment.0.QIT.QubitActivation.environment_order._simp_1_1 : [propext,
 Classical.choice,
 Quot.sound]
AUDIT _private.QIT.Coding.Private.QubitEnvironment.0.QIT.QubitActivation.environment_pair0._simp_1_2 : [propext,
 Classical.choice,
 Quot.sound]
AUDIT _private.QIT.Coding.Private.QubitEnvironment.0.QIT.QubitActivation.environment_pair1._simp_1_2 : [propext,
 Classical.choice,
 Quot.sound]
AUDIT _private.QIT.Coding.Private.QubitEnvironment.0.QIT.QubitActivation.environment_single0._simp_1_1 : [propext,
 Classical.choice,
 Quot.sound]
AUDIT _private.QIT.Coding.Private.QubitEnvironment.0.QIT.QubitActivation.environment_single3._simp_1_1 : [propext,
 Classical.choice,
 Quot.sound]
AUDIT _private.QIT.Coding.Private.QubitEnvironment.0.QIT.QubitActivation.environment_support._abel_1_1 : [propext,
 Classical.choice,
 Quot.sound]
AUDIT _private.QIT.Coding.Private.QubitEnvironment.0.QIT.QubitActivation.erased_environment_order._simp_1_1 : [propext,
 Classical.choice,
 Quot.sound]
AUDIT _private.QIT.Coding.Private.QubitEvent.0.QIT.QubitActivation.negativePTVector_expectation._simp_1_4 : []
AUDIT _private.QIT.Coding.Private.QubitEvent.0.QIT.QubitActivation.negativePTVector_expectation._simp_1_5 : [propext,
 Classical.choice,
 Quot.sound]
AUDIT _private.QIT.Coding.Private.QubitEvent.0.QIT.QubitActivation.negativePTVector_trace._simp_1_2 : []
AUDIT _private.QIT.Coding.Private.QubitEvent.0.QIT.QubitActivation.negativePTVector_trace._simp_1_3 : [propext,
 Classical.choice,
 Quot.sound]
AUDIT _private.QIT.Coding.Private.QubitEvent.0.QIT.QubitActivation.receiverEffect_not_ppt._simp_1_1 : [propext,
 Classical.choice,
 Quot.sound]
AUDIT _private.QIT.Coding.Private.QubitFullEnvironment.0.QIT.QubitActivation.envErasedEmbed_isometry._simp_1_2 : [propext]
AUDIT _private.QIT.Coding.Private.QubitFullEnvironment.0.QIT.QubitActivation.envReferenceEmbed_isometry._simp_1_2 : [propext]
AUDIT _private.QIT.Coding.Private.QubitFullEnvironment.0.QIT.QubitActivation.environmentBranches_order._simp_1_1 : [propext,
 Classical.choice,
 Quot.sound]
AUDIT _private.QIT.Coding.Private.QubitRates.0.QIT.QubitActivation.log2_two_pow._simp_1_1 : [propext]
AUDIT _private.QIT.Coding.Private.QubitRates.0.QIT.QubitActivation.log2_two_pow._simp_1_2 : [propext]
AUDIT _private.QIT.Coding.Private.QubitRates.0.QIT.QubitActivation.log2_two_pow._simp_1_3 : [propext]
AUDIT _private.QIT.Coding.Private.QubitRates.0.QIT.QubitActivation.log2_two_pow._simp_1_4 : [propext]
AUDIT _private.QIT.Coding.Private.QubitRates.0.QIT.QubitActivation.log2_two_pow._simp_1_5 : [propext]
AUDIT _private.QIT.Coding.Private.QubitRates.0.QIT.QubitActivation.log2_two_pow._simp_1_6 : [propext,
 Classical.choice,
 Quot.sound]
AUDIT _private.QIT.Coding.Private.QubitRates.0.QIT.QubitActivation.log2_two_pow._simp_1_7 : [propext]
AUDIT _private.QIT.Coding.Private.QubitReference.0.QIT.QubitActivation.reference_coefficient_nonneg._simp_1_1 : [propext,
 Classical.choice,
 Quot.sound]
AUDIT _private.QIT.Coding.Private.QubitReference.0.QIT.QubitActivation.reference_coefficient_pos._simp_1_1 : [propext,
 Classical.choice,
 Quot.sound]
AUDIT _private.QIT.Coding.Private.QubitReference.0.QIT.QubitActivation.reference_environment_order._simp_1_1 : [propext,
 Classical.choice,
 Quot.sound]
AUDIT _private.QIT.Coding.Private.QubitStructure.0.QIT.QubitActivation.receiverKraus_zero._simp_1_1 : [propext,
 Classical.choice,
 Quot.sound]
AUDIT _private.QIT.Coding.Private.QubitStructure.0.QIT.QubitActivation.sectorEmbedding_isometry._simp_1_2 : [propext]
AUDIT _private.QIT.Coding.Private.QubitStructure.0.QIT.QubitActivation.sectorNoise_orthogonal._simp_1_1 : [propext,
 Classical.choice,
 Quot.sound]
AUDIT _private.QIT.Coding.Private.QubitStructure.0.QIT.QubitActivation.sectorScale_eq._simp_1_1 : [propext,
 Classical.choice,
 Quot.sound]
AUDIT _private.QIT.Coding.Private.QubitStructure.0.QIT.QubitActivation.sectorScale_eq._simp_1_2 : [propext,
 Classical.choice,
 Quot.sound]
AUDIT _private.QIT.Coding.Private.QubitStructure.0.QIT.QubitActivation.sectorScale_eq._simp_1_3 : [propext,
 Classical.choice,
 Quot.sound]
AUDIT _private.QIT.Coding.Private.QubitStructure.0.QIT.QubitActivation.sectorScale_eq._simp_1_4 : [propext,
 Classical.choice,
 Quot.sound]
AUDIT _private.QIT.Coding.Private.QubitStructure.0.QIT.QubitActivation.sectorScale_eq._simp_1_5 : [propext,
 Classical.choice,
 Quot.sound]
AUDIT _private.QIT.Coding.Private.QubitStructure.0.QIT.QubitActivation.sector_compressed_kraus_canonical._simp_1_2 : [propext,
 Classical.choice,
 Quot.sound]
AUDIT _private.QIT.Coding.Private.QubitStructure.0.QIT.QubitActivation.sector_compressed_kraus_canonical._simp_1_3 : [propext,
 Classical.choice,
 Quot.sound]
AUDIT _private.QIT.Coding.Private.SimulatorData.0.QIT.SimulatorCanonical.as_eq._simp_1_10 : [propext,
 Classical.choice,
 Quot.sound]
AUDIT _private.QIT.Coding.Private.SimulatorData.0.QIT.SimulatorCanonical.as_eq._simp_1_11 : [propext,
 Classical.choice,
 Quot.sound]
AUDIT _private.QIT.Coding.Private.SimulatorData.0.QIT.SimulatorCanonical.as_eq._simp_1_7 : [propext,
 Classical.choice,
 Quot.sound]
AUDIT _private.QIT.Coding.Private.SimulatorData.0.QIT.SimulatorCanonical.as_eq._simp_1_8 : [propext,
 Classical.choice,
 Quot.sound]
AUDIT _private.QIT.Coding.Private.SimulatorData.0.QIT.SimulatorCanonical.as_eq._simp_1_9 : [propext,
 Classical.choice,
 Quot.sound]
AUDIT _private.QIT.Coding.Private.SimulatorData.0.QIT.SimulatorCanonical.bs_eq._simp_1_10 : [propext,
 Classical.choice,
 Quot.sound]
AUDIT _private.QIT.Coding.Private.SimulatorData.0.QIT.SimulatorCanonical.bs_eq._simp_1_11 : [propext,
 Classical.choice,
 Quot.sound]
AUDIT _private.QIT.Coding.Private.SimulatorData.0.QIT.SimulatorCanonical.bs_eq._simp_1_12 : [propext,
 Classical.choice,
 Quot.sound]
AUDIT _private.QIT.Coding.Private.SimulatorData.0.QIT.SimulatorCanonical.bs_eq._simp_1_7 : [propext,
 Classical.choice,
 Quot.sound]
AUDIT _private.QIT.Coding.Private.SimulatorData.0.QIT.SimulatorCanonical.bs_eq._simp_1_8 : [propext,
 Classical.choice,
 Quot.sound]
AUDIT _private.QIT.Coding.Private.SimulatorData.0.QIT.SimulatorCanonical.bs_eq._simp_1_9 : [propext,
 Classical.choice,
 Quot.sound]
AUDIT _private.QIT.Coding.Private.SimulatorData.0.QIT.SimulatorCanonical.ks_eq._simp_1_10 : [propext,
 Classical.choice,
 Quot.sound]
AUDIT _private.QIT.Coding.Private.SimulatorData.0.QIT.SimulatorCanonical.ks_eq._simp_1_11 : [propext,
 Classical.choice,
 Quot.sound]
AUDIT _private.QIT.Coding.Private.SimulatorData.0.QIT.SimulatorCanonical.ks_eq._simp_1_6 : [propext,
 Classical.choice,
 Quot.sound]
AUDIT _private.QIT.Coding.Private.SimulatorData.0.QIT.SimulatorCanonical.ks_eq._simp_1_7 : [propext,
 Classical.choice,
 Quot.sound]
AUDIT _private.QIT.Coding.Private.SimulatorData.0.QIT.SimulatorCanonical.ks_eq._simp_1_8 : [propext,
 Classical.choice,
 Quot.sound]
AUDIT _private.QIT.Coding.Private.SimulatorData.0.QIT.SimulatorCanonical.ks_eq._simp_1_9 : [propext,
 Classical.choice,
 Quot.sound]
AUDIT _private.QIT.Coding.Private.SimulatorData.0.QIT.SimulatorCanonical.r2_sq._simp_1_2 : [propext,
 Classical.choice,
 Quot.sound]
AUDIT _private.QIT.Coding.Private.SimulatorData.0.QIT.SimulatorCanonical.r3_sq._simp_1_2 : [propext,
 Classical.choice,
 Quot.sound]
AUDIT _private.QIT.Coding.Private.SimulatorData.0.QIT.SimulatorCanonical.r5_sq._simp_1_2 : [propext,
 Classical.choice,
 Quot.sound]
AUDIT _private.QIT.Coding.Private.SimulatorData.0.QIT.SimulatorCanonical.r7_sq._simp_1_2 : [propext,
 Classical.choice,
 Quot.sound]
AUDIT _private.QIT.Coding.Private.SimulatorData.0.QIT.krausN.match_1.eq_1 : []
AUDIT _private.QIT.Coding.Private.SimulatorData.0.QIT.krausN.match_1.eq_2 : []
AUDIT _private.QIT.Coding.Private.SimulatorData.0.QIT.krausN.match_1.splitter : []
AUDIT QIT.BinaryPreparation.bernoulliState._redArg._lam_0 : []
AUDIT QIT.Ensemble.constantEnsemble._redArg._closed_0 : []
AUDIT QIT.Ensemble.constantEnsemble._redArg._lam_0 : []
AUDIT QIT.Ensemble.constantEnsemble._redArg._lam_1 : []
AUDIT QIT.Ensemble.tensorPowerOne._redArg._lam_0 : []
AUDIT QIT.Ensemble.transposeEnsemble._redArg._lam_0 : []
AUDIT QIT.QubitActivation.deformedBlock1._redArg._boxed : []
AUDIT QIT.QubitActivation.deformedBlock1._redArg._closed_0 : []
AUDIT QIT.QubitActivation.deformedBlock1._redArg._closed_1 : []
AUDIT QIT.QubitActivation.deformedBlock1._redArg._closed_2 : []
AUDIT QIT.QubitActivation.deformedBlock1._redArg._closed_3 : []
AUDIT QIT.QubitActivation.deformedBlock1._redArg._lam_0 : []
AUDIT QIT.QubitActivation.deformedBlock1._redArg._lam_1 : []
AUDIT QIT.QubitActivation.deformedBlock1._redArg._lam_2 : []
AUDIT QIT.QubitActivation.deformedBlock7._redArg._boxed : []
AUDIT QIT.QubitActivation.deformedFullVector._sparseCasesOn_1.else_eq : [propext]
AUDIT QIT.QubitActivation.deformedFullVector._sparseCasesOn_2.else_eq : [propext]
AUDIT QIT.QubitActivation.envErasedEmbed._lam_0._boxed : []
AUDIT QIT.QubitActivation.envReferenceEmbed._lam_0._boxed : []
AUDIT QIT.QubitActivation.envReferenceEmbed._lam_0._closed_0 : []
AUDIT QIT.QubitActivation.envReferenceEmbed._lam_1._closed_0 : []
AUDIT QIT.QubitActivation.envReferenceEmbed._lam_1._closed_1 : []
AUDIT QIT.QubitActivation.envReferenceEmbed._lam_1._closed_2 : []
AUDIT QIT.QubitActivation.environmentRegisterEquiv._lam_1._closed_0 : []
AUDIT QIT.QubitActivation.environmentRegisterEquiv._lam_1._closed_1 : []
AUDIT QIT.QubitActivation.environmentRegisterEquiv._lam_2._boxed : []
AUDIT QIT.QubitActivation.instDecidableEqDeformedBlocks._lam_0._boxed : []
AUDIT QIT.QubitActivation.instDecidableEqDeformedBlocks._lam_1._boxed : []
AUDIT QIT.QubitActivation.instDecidableEqDeformedBlocks._lam_2._boxed : []
AUDIT QIT.QubitActivation.instDecidableEqDeformedBlocks._lam_3._boxed : []
AUDIT QIT.QubitActivation.instDecidableEqDeformedBlocks._lam_4._boxed : []
AUDIT QIT.QubitActivation.instDecidableEqDeformedBlocks._lam_4._closed_0 : []
AUDIT QIT.QubitActivation.instDecidableEqDeformedBlocks._lam_5._boxed : []
AUDIT QIT.QubitActivation.instDecidableEqDeformedBlocks._lam_5._closed_0 : []
AUDIT QIT.QubitActivation.mixInput._redArg._closed_0 : []
AUDIT QIT.QubitActivation.mixInput._redArg._lam_0 : []
AUDIT QIT.QubitActivation.receiverRegisterEquiv._lam_1._closed_0 : []
AUDIT QIT.QubitActivation.receiverRegisterEquiv._lam_1._closed_1 : []
AUDIT QIT.QubitActivation.receiverRegisterEquiv._lam_3._boxed : []
AUDIT QIT.erasureEmbed._redArg._lam_0._boxed : []
AUDIT QIT.erasureEmbed._redArg._lam_0._closed_0 : []
AUDIT QIT.erasureEmbed._redArg._lam_1._boxed : []
AUDIT QIT.erasureEmbed._redArg._lam_1._closed_0 : []
AUDIT npowRec._at_.QIT.yM.spec_1 : []
AUDIT _private.QIT.Coding.Private.ExplicitChannel.0.QIT.krausN.match_1.splitter._boxed : []
AUDIT _private.QIT.Coding.Private.ExplicitChannel.0.QIT.krausN.match_1.splitter._redArg : []
AUDIT _private.QIT.Coding.Private.ExplicitChannel.0.QIT.simulatorKraus.match_1.splitter._redArg : []
AUDIT _private.QIT.Coding.Private.HalfErasure.0.QIT.erasureKraus.match_1.splitter._boxed : []
AUDIT _private.QIT.Coding.Private.HalfErasure.0.QIT.erasureKraus.match_1.splitter._redArg : []
AUDIT _private.QIT.Coding.Private.QubitDeformedFlaggedMeasurement.0.QIT.QubitActivation.deformedBlockEffect.match_1.eq_1 : []
AUDIT _private.QIT.Coding.Private.QubitDeformedFlaggedMeasurement.0.QIT.QubitActivation.deformedBlockEffect.match_1.eq_2 : []
AUDIT _private.QIT.Coding.Private.QubitDeformedFlaggedMeasurement.0.QIT.QubitActivation.deformedBlockEffect.match_1.splitter : []
AUDIT _private.QIT.Coding.Private.QubitDeformedMeasurement.0.QIT.QubitActivation.deformedFullVector.match_1.eq_1 : [propext]
AUDIT _private.QIT.Coding.Private.QubitDeformedMeasurement.0.QIT.QubitActivation.deformedFullVector.match_1.eq_2 : [propext]
AUDIT _private.QIT.Coding.Private.QubitDeformedMeasurement.0.QIT.QubitActivation.deformedFullVector.match_1.eq_3 : [propext]
AUDIT _private.QIT.Coding.Private.QubitDeformedMeasurement.0.QIT.QubitActivation.deformedFullVector.match_1.splitter : [propext]
AUDIT _private.QIT.Coding.Private.SimulatorData.0.QIT.krausN.match_1.splitter._boxed : []
AUDIT _private.QIT.Coding.Private.SimulatorData.0.QIT.krausN.match_1.splitter._redArg : []
AUDIT Complex.mulAux._at_.QIT.yM.spec_0 : []
AUDIT QIT.BinaryPreparation.bernoulliState._redArg._lam_0._boxed : []
AUDIT QIT.Ensemble.tensorPowerOne._redArg._lam_0._boxed : []
AUDIT QIT.QubitActivation.deformedBlock1._redArg._lam_0._boxed : []
AUDIT QIT.QubitActivation.deformedBlock1._redArg._lam_1._boxed : []
AUDIT QIT.QubitActivation.deformedBlock1._redArg._lam_2._boxed : []
AUDIT npowRec._at_.QIT.QubitActivation.deformationNorm.spec_1 : []
AUDIT npowRec._at_.QIT.yM.spec_1._boxed : []
AUDIT npowRec._at_.QIT.yM.spec_1._closed_0 : []
AUDIT _private.QIT.Coding.Private.ExplicitChannel.0.QIT.krausN.match_1.splitter._redArg._boxed : []
AUDIT _private.QIT.Coding.Private.QubitDeformedFlaggedMeasurement.0.QIT.QubitActivation.deformedBlockEffect.match_1.splitter._redArg : []
AUDIT _private.QIT.Coding.Private.QubitDeformedMeasurement.0.QIT.QubitActivation.deformedFullVector.match_1.splitter._redArg : []
AUDIT _private.QIT.Coding.Private.QubitDeformedMeasurement.0.QIT.QubitActivation.deformedFullVector.match_1.splitter._sparseCasesOn_3 : [propext]
AUDIT _private.QIT.Coding.Private.QubitDeformedMeasurement.0.QIT.QubitActivation.deformedFullVector.match_1.splitter._sparseCasesOn_5 : [propext]
AUDIT _private.QIT.Coding.Private.SimulatorData.0.QIT.krausN.match_1.splitter._redArg._boxed : []
AUDIT Complex.mulAux._at_.QIT.QubitActivation.mixInput.spec_0 : []
AUDIT Nat.cast._at_.QIT.QubitActivation.deformationNorm.spec_0 : []
AUDIT npowRec._at_.QIT.QubitActivation.deformationNorm.spec_1._boxed : []
AUDIT QIT.Classical.diagonalState._at_.QIT.BinaryPreparation.bernoulliState.spec_0 : []
AUDIT QIT.Classical.diagonalState._at_.QIT.BinaryPreparation.bernoulliState.spec_0._redArg : []
AUDIT QIT.Classical.diagonalState._at_.QIT.BinaryPreparation.bernoulliState.spec_0._redArg._lam_0 : []
AUDIT QIT.Classical.diagonalState._at_.QIT.BinaryPreparation.bernoulliState.spec_0._redArg._lam_1 : []
AUDIT abs._at_.Nat.cast._at_.QIT.QubitActivation.deformationNorm.spec_0.spec_0 : []
AUDIT Nat.cast._at_.Nat.cast._at_.QIT.QubitActivation.deformationNorm.spec_0.spec_1 : []
AUDIT QIT.Classical.diagonalState._at_.QIT.BinaryPreparation.bernoulliState.spec_0._redArg._lam_0._boxed : []
AUDIT QIT.Classical.diagonalState._at_.QIT.BinaryPreparation.bernoulliState.spec_0._redArg._lam_1._boxed : []
AUDIT Matrix.diagonal._at_.QIT.Classical.diagonalState._at_.QIT.BinaryPreparation.bernoulliState.spec_0.spec_0 : []
AUDIT Matrix.diagonal._at_.QIT.Classical.diagonalState._at_.QIT.BinaryPreparation.bernoulliState.spec_0.spec_0._boxed : []
AUDIT Matrix.diagonal._at_.QIT.Classical.diagonalState._at_.QIT.BinaryPreparation.bernoulliState.spec_0.spec_0._closed_0 : []
AUDIT Matrix.diagonal._at_.QIT.Classical.diagonalState._at_.QIT.BinaryPreparation.bernoulliState.spec_0.spec_0._lam_0 : []
AUDIT Matrix.diagonal._at_.QIT.Classical.diagonalState._at_.QIT.BinaryPreparation.bernoulliState.spec_0.spec_0._lam_0._boxed : []
AUDIT Matrix.diagonal._at_.QIT.Classical.diagonalState._at_.QIT.BinaryPreparation.bernoulliState.spec_0.spec_0._lam_0._closed_0 : []
AUDIT Nat.cast._at_.Nat.cast._at_.Nat.cast._at_.QIT.QubitActivation.deformationNorm.spec_0.spec_1.spec_2 : []
AUDIT Nat.cast._at_.Nat.cast._at_.Nat.cast._at_.QIT.QubitActivation.deformationNorm.spec_0.spec_1.spec_2._lam_0 : []
AUDIT Nat.cast._at_.Nat.cast._at_.Nat.cast._at_.QIT.QubitActivation.deformationNorm.spec_0.spec_1.spec_2._lam_0._boxed : []
AUDIT CauSeq.const._at_.Nat.cast._at_.Nat.cast._at_.Nat.cast._at_.QIT.QubitActivation.deformationNorm.spec_0.spec_1.spec_2.spec_5 : []
AUDIT Nat.cast._at_.Nat.cast._at_.Nat.cast._at_.Nat.cast._at_.QIT.QubitActivation.deformationNorm.spec_0.spec_1.spec_2.spec_4 : []
AUDIT CauSeq.const._at_.Nat.cast._at_.Nat.cast._at_.Nat.cast._at_.QIT.QubitActivation.deformationNorm.spec_0.spec_1.spec_2.spec_5._boxed : []
AUDIT CauSeq.const._at_.Nat.cast._at_.Nat.cast._at_.Nat.cast._at_.QIT.QubitActivation.deformationNorm.spec_0.spec_1.spec_2.spec_5._redArg : []
AUDIT CauSeq.const._at_.Nat.cast._at_.Nat.cast._at_.Nat.cast._at_.QIT.QubitActivation.deformationNorm.spec_0.spec_1.spec_2.spec_5._redArg._lam_0 : []
AUDIT CauSeq.const._at_.Nat.cast._at_.Nat.cast._at_.Nat.cast._at_.QIT.QubitActivation.deformationNorm.spec_0.spec_1.spec_2.spec_5._redArg._lam_0._boxed : []
AUDIT Int.cast._at_.Nat.cast._at_.Nat.cast._at_.Nat.cast._at_.Nat.cast._at_.QIT.QubitActivation.deformationNorm.spec_0.spec_1.spec_2.spec_4.spec_6 : []
AUDIT Nat.cast._at_.Nat.cast._at_.Nat.cast._at_.Nat.cast._at_.Nat.cast._at_.QIT.QubitActivation.deformationNorm.spec_0.spec_1.spec_2.spec_4.spec_5 : []
EXACT_ENDPOINT_WITHOUT_HYPOTHESES_PASS
