LOADED_QIT_MODULE QIT.Init
LOADED_QIT_MODULE QIT.Core.System
LOADED_QIT_MODULE QIT.Util.Matrix
LOADED_QIT_MODULE QIT.Core.State
LOADED_QIT_MODULE QIT.Classical.Ensemble
LOADED_QIT_MODULE QIT.Util.Matrix.PosSqrt
LOADED_QIT_MODULE QIT.States.PosSqrt
LOADED_QIT_MODULE QIT.States.TraceNorm.Distance
LOADED_QIT_MODULE QIT.Classical.CQState
LOADED_QIT_MODULE QIT.Core.Pure
LOADED_QIT_MODULE QIT.States.Purification.Predicate
LOADED_QIT_MODULE QIT.States.Purification.Gram
LOADED_QIT_MODULE QIT.Core.Map
LOADED_QIT_MODULE QIT.Core.Measurement
LOADED_QIT_MODULE QIT.Core.Channel
LOADED_QIT_MODULE QIT.Core.POVMProbability
LOADED_QIT_MODULE QIT.Classical.Bridge
LOADED_QIT_MODULE QIT.Util.SDP.PSDCone
LOADED_QIT_MODULE QIT.Util.SDP.HermitianPSDTraceDuality
LOADED_QIT_MODULE QIT.States.TraceNorm.Spectral
LOADED_QIT_MODULE QIT.States.TraceNorm.PositivePart
LOADED_QIT_MODULE QIT.States.Purification.GramFacts
LOADED_QIT_MODULE QIT.States.Purification.PartialIsometry
LOADED_QIT_MODULE QIT.States.Purification.ReferenceExtension
LOADED_QIT_MODULE QIT.States.Purification.ReferenceIsometry
LOADED_QIT_MODULE QIT.States.Purification.GramFactorization
LOADED_QIT_MODULE QIT.States.Purification.ReferenceUnitary
LOADED_QIT_MODULE QIT.Util.BlockMatrix
LOADED_QIT_MODULE QIT.States.TraceNorm.BlockMatrix
LOADED_QIT_MODULE QIT.States.TraceNorm.Variational
LOADED_QIT_MODULE QIT.Channels.Diamond
LOADED_QIT_MODULE QIT.States.Geometry.Fidelity
LOADED_QIT_MODULE QIT.States.Subnormalized
LOADED_QIT_MODULE QIT.States.SubnormalizedTopology
LOADED_QIT_MODULE QIT.States.Purification.PureGeometry
LOADED_QIT_MODULE QIT.States.Schatten
LOADED_QIT_MODULE QIT.States.MaximallyMixed
LOADED_QIT_MODULE QIT.States.MaximallyEntangled
LOADED_QIT_MODULE QIT.States.Purification.Equivalence
LOADED_QIT_MODULE QIT.States.Purification.Canonical
LOADED_QIT_MODULE QIT.States.Purification.Uhlmann
LOADED_QIT_MODULE QIT.States.Geometry.PurifiedDistance
LOADED_QIT_MODULE QIT.States.Topology
LOADED_QIT_MODULE QIT.Information.Entropy.Entropy
LOADED_QIT_MODULE QIT.Information.Entropy.Holevo
LOADED_QIT_MODULE QIT.Information.Entropy.RelativeEntropyTraceLog
LOADED_QIT_MODULE QIT.Information.Entropy.Log2Lemmas
LOADED_QIT_MODULE QIT.Information.Renyi.Renyi
LOADED_QIT_MODULE QIT.Information.Renyi.ConditionalRenyi
LOADED_QIT_MODULE QIT.Information.Renyi.RenyiDPIStatement
LOADED_QIT_MODULE QIT.Measurements.Map
LOADED_QIT_MODULE QIT.Measurements.Projective
LOADED_QIT_MODULE QIT.Information.Renyi.RenyiDPI.Domain
LOADED_QIT_MODULE QIT.States.TraceNorm.PositivePartBlock
LOADED_QIT_MODULE QIT.States.TraceNorm.Audenaert
LOADED_QIT_MODULE QIT.Util.CMatrixCLM
LOADED_QIT_MODULE QIT.Information.Renyi.FrankLieb.ScalarOperator
LOADED_QIT_MODULE QIT.Information.Renyi.FrankLieb.Variational
LOADED_QIT_MODULE QIT.Information.Renyi.FrankLieb.Concavity
LOADED_QIT_MODULE QIT.Information.Renyi.RenyiDPI.HighAlpha
LOADED_QIT_MODULE QIT.Information.Renyi.RenyiDPI.LowAlpha
LOADED_QIT_MODULE QIT.Information.Renyi.FrankLieb.DPI
LOADED_QIT_MODULE QIT.Information.Renyi.RenyiDPI.TraceLogBridge
LOADED_QIT_MODULE QIT.Information.Renyi.RenyiDPI.AlphaToOne
LOADED_QIT_MODULE QIT.Information.Entropy.RelativeEntropyDPI
LOADED_QIT_MODULE QIT.Information.Entropy.EntropyTensorPower
LOADED_QIT_MODULE QIT.States.PosSqrtOrder
LOADED_QIT_MODULE QIT.States.Product
LOADED_QIT_MODULE QIT.States.Geometry.FidelityConcavity
LOADED_QIT_MODULE QIT.States.SubnormalizedConvexity
LOADED_QIT_MODULE QIT.States.Purification.Conditioning
LOADED_QIT_MODULE QIT.States.Purification.Schatten
LOADED_QIT_MODULE QIT.States.Geometry.PureTargetFidelity
LOADED_QIT_MODULE QIT.States.Geometry.FuchsVdG
LOADED_QIT_MODULE QIT.States.Geometry.PurifiedDistanceAngle
LOADED_QIT_MODULE QIT.States.Geometry
LOADED_QIT_MODULE QIT.States
LOADED_QIT_MODULE QIT.Information.BinaryHypothesisTest.Basic
LOADED_QIT_MODULE QIT.Core.Map.ChoiCharacterization
LOADED_QIT_MODULE QIT.Core.Components
LOADED_QIT_MODULE QIT.Core
LOADED_QIT_MODULE QIT.Information.BinaryHypothesisTest.Classical
LOADED_QIT_MODULE QIT.Information.BinaryHypothesisTest.Spectral
LOADED_QIT_MODULE QIT.Information.BinaryHypothesisTest
LOADED_QIT_MODULE QIT.Information.Entropy.MutualInformationDPI
LOADED_QIT_MODULE QIT.Util.TensorPower
LOADED_QIT_MODULE QIT.Coding.Classical.HSW
LOADED_QIT_MODULE QIT.Information.CQChannel
LOADED_QIT_MODULE QIT.HypothesisTesting.Basic
LOADED_QIT_MODULE QIT.HypothesisTesting.MutualInformation
LOADED_QIT_MODULE QIT.HypothesisTesting.ComparatorTest
LOADED_QIT_MODULE QIT.Coding.Classical.RandomnessDistribution
LOADED_QIT_MODULE QIT.Information.Entropy.StrongSubadditivity
LOADED_QIT_MODULE QIT.Information.Entropy.ConditionalEntropyConcavity
LOADED_QIT_MODULE QIT.Information.AlickiFannesWinter
LOADED_QIT_MODULE QIT.Coding.Classical.HSWConverse
LOADED_QIT_MODULE QIT.Coding.Private.Basic
LOADED_QIT_MODULE QIT.Coding.Private.TransitionChannelData
LOADED_QIT_MODULE QIT.Coding.Private.TransposeCriterion
LOADED_QIT_MODULE QIT.Coding.Private.TransitionChannel
LOADED_QIT_MODULE QIT.Coding.Private.TransitionEncodingData
LOADED_QIT_MODULE QIT.Coding.Private.TransitionEncoding
LOADED_QIT_MODULE QIT.Coding.Private.HalfErasure
LOADED_QIT_MODULE QIT.Coding.Private.GeneralErasure
LOADED_QIT_MODULE QIT.Coding.Private.ProductComplement
LOADED_QIT_MODULE QIT.Coding.Private.TransitionProduct
LOADED_QIT_MODULE QIT.Coding.Private.RareSignal
LOADED_QIT_MODULE QIT.Coding.Private.BinaryHolevo
LOADED_QIT_MODULE QIT.Coding.Private.DominatedCoin
LOADED_QIT_MODULE QIT.Coding.Private.FlaggedCoin
LOADED_QIT_MODULE QIT.Coding.Private.CapacityBounds
LOADED_QIT_MODULE QIT.Coding.Private.TransitionSuperactivation
LOADED_QIT_MODULE QIT.Coding.Private.TransitionPaperData
AUDIT QIT.binary_preparation_information_upper : [propext, Classical.choice, Quot.sound]
AUDIT QIT.conjTranspose_sumSwapMinv : [propext, Classical.choice, Quot.sound]
AUDIT QIT.cqState_applyState_prod_id : [propext, Classical.choice, Quot.sound]
AUDIT QIT.eigenvalues_hermitian_transpose : [propext, Classical.choice, Quot.sound]
AUDIT QIT.erasure2_isComplementOf : [propext, Classical.choice, Quot.sound]
AUDIT QIT.erasure2_privateCapacity_eq_zero : [propext, Classical.choice, Quot.sound]
AUDIT QIT.erasure4_apply : [propext, Classical.choice, Quot.sound]
AUDIT QIT.erasure4_isComplementOf : [propext, Classical.choice, Quot.sound]
AUDIT QIT.erasure4_privateCapacity_eq_zero : [propext, Classical.choice, Quot.sound]
AUDIT QIT.erasureComplementMap : [propext, Classical.choice, Quot.sound]
AUDIT QIT.erasureComplementMap_isTracePreserving : [propext, Classical.choice, Quot.sound]
AUDIT QIT.erasureComplement_apply : [propext, Classical.choice, Quot.sound]
AUDIT QIT.erasureEmbed : [propext, Classical.choice, Quot.sound]
AUDIT QIT.erasureEmbed_apply_inl : [propext, Classical.choice, Quot.sound]
AUDIT QIT.erasureEmbed_apply_inr : [propext, Classical.choice, Quot.sound]
AUDIT QIT.erasureEmbed_conjTranspose_mul_self : [propext, Classical.choice, Quot.sound]
AUDIT QIT.erasureEmbed_conj_mul : [propext, Classical.choice, Quot.sound]
AUDIT QIT.erasureFlag_conj_mul : [propext, Classical.choice, Quot.sound]
AUDIT QIT.erasureInvSqrtTwo : [propext, Classical.choice, Quot.sound]
AUDIT QIT.erasureInvSqrtTwo_mul_self : [propext, Classical.choice, Quot.sound]
AUDIT QIT.erasureInvSqrtTwo_mul_star_self : [propext, Classical.choice, Quot.sound]
AUDIT QIT.erasureKraus : [propext, Classical.choice, Quot.sound]
AUDIT QIT.erasureKraus_inl : [propext, Classical.choice, Quot.sound]
AUDIT QIT.erasureKraus_inr : [propext, Classical.choice, Quot.sound]
AUDIT QIT.erasureKraus_krausAdjoint_one : [propext, Classical.choice, Quot.sound]
AUDIT QIT.erasureKraus_sum : [propext, Classical.choice, Quot.sound]
AUDIT QIT.erasure_antidegradable : [propext, Classical.choice, Quot.sound]
AUDIT QIT.erasure_apply : [propext, Classical.choice, Quot.sound]
AUDIT QIT.erasure_isComplementOf : [propext, Classical.choice, Quot.sound]
AUDIT QIT.erasure_privateCapacity_eq_zero : [propext, Classical.choice, Quot.sound]
AUDIT QIT.halfErasureComplement_eq_swap : [propext, Classical.choice, Quot.sound]
AUDIT QIT.halfErasure_antidegradable : [propext, Classical.choice, Quot.sound]
AUDIT QIT.halfErasure_antidegradable_sumSwapInv : [propext, Classical.choice, Quot.sound]
AUDIT QIT.halfErasure_apply : [propext, Classical.choice, Quot.sound]
AUDIT QIT.halfErasure_isComplementOf : [propext, Classical.choice, Quot.sound]
AUDIT QIT.halfErasure_privateCapacity_eq_zero : [propext, Classical.choice, Quot.sound]
AUDIT QIT.hermitian_transpose : [propext, Classical.choice, Quot.sound]
AUDIT QIT.kron_complementOfKraus : [propext, Classical.choice, Quot.sound]
AUDIT QIT.kron_ofKraus : [propext, Classical.choice, Quot.sound]
AUDIT QIT.kronecker_transpose : [propext, Classical.choice, Quot.sound]
AUDIT QIT.posSemidef_transpose : [propext, Classical.choice, Quot.sound]
AUDIT QIT.rare_event_information_lower : [propext, Classical.choice, Quot.sound]
AUDIT QIT.star_erasureInvSqrtTwo : [propext, Classical.choice, Quot.sound]
AUDIT QIT.star_erasureInvSqrtTwo_mul_self : [propext, Classical.choice, Quot.sound]
AUDIT QIT.sumSwapInv_map_sumSwap_map : [propext, Classical.choice, Quot.sound]
AUDIT QIT.sumSwapM : [propext, Classical.choice, Quot.sound]
AUDIT QIT.sumSwapM_conjTranspose_mul_self : [propext, Classical.choice, Quot.sound]
AUDIT QIT.sumSwapM_fromBlocks_conjTranspose : [propext, Classical.choice, Quot.sound]
AUDIT QIT.sumSwapM_mul_sumSwapMinv : [propext, Classical.choice, Quot.sound]
AUDIT QIT.sumSwapMap : []
AUDIT QIT.sumSwapMap' : []
AUDIT QIT.sumSwapMap'_inj : []
AUDIT QIT.sumSwapMap'_involution : []
AUDIT QIT.sumSwapMap_inj : []
AUDIT QIT.sumSwapMap_involution : []
AUDIT QIT.sumSwapMinv : [propext, Classical.choice, Quot.sound]
AUDIT QIT.sumSwapMinv_conjTranspose_mul_self : [propext, Classical.choice, Quot.sound]
AUDIT QIT.sumSwapMinv_eq_conjTranspose : [propext, Classical.choice, Quot.sound]
AUDIT QIT.sumSwapMinv_mul_sumSwapM : [propext, Classical.choice, Quot.sound]
AUDIT _private.QIT.Coding.Private.BinaryHolevo.0.QIT.binary_measure_entropy : [propext, Classical.choice, Quot.sound]
AUDIT _private.QIT.Coding.Private.CapacityBounds.0.QIT.log2_card_nonneg : [propext, Classical.choice, Quot.sound]
AUDIT _private.QIT.Coding.Private.CapacityBounds.0.QIT.tensorPower_card_for_private : [propext,
 Classical.choice,
 Quot.sound]
AUDIT _private.QIT.Coding.Private.HalfErasure.0.QIT.erasureComplementMap_eq_comp : [propext,
 Classical.choice,
 Quot.sound]
AUDIT _private.QIT.Coding.Private.HalfErasure.0.QIT.erasureComplementMap_eq_swap : [propext,
 Classical.choice,
 Quot.sound]
AUDIT _private.QIT.Coding.Private.HalfErasure.0.QIT.erasureFlag_conjTranspose_mul_single : [propext,
 Classical.choice,
 Quot.sound]
AUDIT _private.QIT.Coding.Private.HalfErasure.0.QIT.fin1_eq_zero : [propext, Quot.sound]
AUDIT _private.QIT.Coding.Private.HalfErasure.0.QIT.sum_fin1 : [propext, Classical.choice, Quot.sound]
AUDIT _private.QIT.Coding.Private.HalfErasure.0.QIT.trace_one_fin1 : [propext, Classical.choice, Quot.sound]
AUDIT _private.QIT.Coding.Private.TransposeCriterion.0.QIT.ensembleExt : [propext, Classical.choice, Quot.sound]
AUDIT QIT.BinaryPreparation.bernoulliState : [propext, Classical.choice, Quot.sound]
AUDIT QIT.BinaryPreparation.bernoulliState_entropy : [propext, Classical.choice, Quot.sound]
AUDIT QIT.BinaryPreparation.bernoulliState_matrix : [propext, Classical.choice, Quot.sound]
AUDIT QIT.BinaryPreparation.flagState : [propext, Classical.choice, Quot.sound]
AUDIT QIT.BinaryPreparation.flagState_entropy : [propext, Classical.choice, Quot.sound]
AUDIT QIT.BinaryPreparation.flagState_matrix : [propext, Classical.choice, Quot.sound]
AUDIT QIT.BinaryPreparation.holevo_le_source : [propext, Classical.choice, Quot.sound]
AUDIT QIT.BinaryPreparation.preparingChannel : [propext, Classical.choice, Quot.sound]
AUDIT QIT.BinaryPreparation.preparingChannel_letters : [propext, Classical.choice, Quot.sound]
AUDIT QIT.BinaryPreparation.residual : [propext, Classical.choice, Quot.sound]
AUDIT QIT.BinaryPreparation.residual_reconstruct : [propext, Classical.choice, Quot.sound]
AUDIT QIT.BinaryPreparation.sourceEnsemble : [propext, Classical.choice, Quot.sound]
AUDIT QIT.BinaryPreparation.sourceEnsemble_average : [propext, Classical.choice, Quot.sound]
AUDIT QIT.BinaryPreparation.sourceEnsemble_holevo : [propext, Classical.choice, Quot.sound]
AUDIT QIT.Channel.IsComplementOf : [propext, Classical.choice, Quot.sound]
AUDIT QIT.Channel.applyState_comp_antidegradable : [propext, Classical.choice, Quot.sound]
AUDIT QIT.Channel.applyState_comp_simulator_transpose : [propext, Classical.choice, Quot.sound]
AUDIT QIT.Channel.blockPrivateInformation : [propext, Classical.choice, Quot.sound]
AUDIT QIT.Channel.convexCombination : [propext, Classical.choice, Quot.sound]
AUDIT QIT.Channel.erasure : [propext, Classical.choice, Quot.sound]
AUDIT QIT.Channel.erasure2 : [propext, Classical.choice, Quot.sound]
AUDIT QIT.Channel.erasure2Complement : [propext, Classical.choice, Quot.sound]
AUDIT QIT.Channel.erasure4 : [propext, Classical.choice, Quot.sound]
AUDIT QIT.Channel.erasure4Complement : [propext, Classical.choice, Quot.sound]
AUDIT QIT.Channel.erasureComplement : [propext, Classical.choice, Quot.sound]
AUDIT QIT.Channel.erasureSimulator : [propext, Classical.choice, Quot.sound]
AUDIT QIT.Channel.halfErasure : [propext, Classical.choice, Quot.sound]
AUDIT QIT.Channel.halfErasureComplement : [propext, Classical.choice, Quot.sound]
AUDIT QIT.Channel.outputEnsemble_comp_antidegradable : [propext, Classical.choice, Quot.sound]
AUDIT QIT.Channel.outputEnsemble_tensorPowerOne : [propext, Classical.choice, Quot.sound]
AUDIT QIT.Channel.outputEnsemble_transpose_simulator : [propext, Classical.choice, Quot.sound]
AUDIT QIT.Channel.privateCapacity : [propext, Classical.choice, Quot.sound]
AUDIT QIT.Channel.privateCapacityRateValues : [propext, Classical.choice, Quot.sound]
AUDIT QIT.Channel.privateCapacityRateValues_bddAbove : [propext, Classical.choice, Quot.sound]
AUDIT QIT.Channel.privateCapacity_eq_zero_of_antidegradable : [propext, Classical.choice, Quot.sound]
AUDIT QIT.Channel.privateCapacity_eq_zero_of_block_le : [propext, Classical.choice, Quot.sound]
AUDIT QIT.Channel.privateCapacity_eq_zero_of_transpose_simulator : [propext, Classical.choice, Quot.sound]
AUDIT QIT.Channel.privateInformation : [propext, Classical.choice, Quot.sound]
AUDIT QIT.Channel.privateInformationValues : [propext, Classical.choice, Quot.sound]
AUDIT QIT.Channel.privateInformationValues_bddAbove : [propext, Classical.choice, Quot.sound]
AUDIT QIT.Channel.privateInformationWith : [propext, Classical.choice, Quot.sound]
AUDIT QIT.Channel.privateInformationWith_constant_eq_zero : [propext, Classical.choice, Quot.sound]
AUDIT QIT.Channel.privateInformationWith_le_log_card : [propext, Classical.choice, Quot.sound]
AUDIT QIT.Channel.privateInformationWith_le_privateCapacity : [propext, Classical.choice, Quot.sound]
AUDIT QIT.Channel.privateInformationWith_le_zero_of_antidegradable : [propext, Classical.choice, Quot.sound]
AUDIT QIT.Channel.privateInformationWith_le_zero_of_transpose_simulator : [propext, Classical.choice, Quot.sound]
AUDIT QIT.Channel.privateInformation_le_log_card : [propext, Classical.choice, Quot.sound]
AUDIT QIT.Channel.sumSwap : [propext, Classical.choice, Quot.sound]
AUDIT QIT.Channel.sumSwapInv : [propext, Classical.choice, Quot.sound]
AUDIT QIT.Channel.tensorPower_comp_antidegradable : [propext, Classical.choice, Quot.sound]
AUDIT QIT.Channel.tensorPower_simulator_transpose : [propext, Classical.choice, Quot.sound]
AUDIT QIT.DominatedCoin.bias : [propext, Classical.choice, Quot.sound]
AUDIT QIT.DominatedCoin.bias_lt_one : [propext, Classical.choice, Quot.sound]
AUDIT QIT.DominatedCoin.bias_pos : [propext, Classical.choice, Quot.sound]
AUDIT QIT.DominatedCoin.entropy_bound : [propext, Classical.choice, Quot.sound]
AUDIT QIT.DominatedCoin.holevo_le_source : [propext, Classical.choice, Quot.sound]
AUDIT QIT.DominatedCoin.holevo_quadratic_bound : [propext, Classical.choice, Quot.sound]
AUDIT QIT.DominatedCoin.preparingChannel : [propext, Classical.choice, Quot.sound]
AUDIT QIT.DominatedCoin.preparingChannel_bias : [propext, Classical.choice, Quot.sound]
AUDIT QIT.DominatedCoin.quarter_measurement_information : [propext, Classical.choice, Quot.sound]
AUDIT QIT.DominatedCoin.sourceEnsemble : [propext, Classical.choice, Quot.sound]
AUDIT QIT.DominatedCoin.sourceEnsemble_average : [propext, Classical.choice, Quot.sound]
AUDIT QIT.DominatedCoin.sourceEnsemble_information : [propext, Classical.choice, Quot.sound]
AUDIT QIT.Ensemble.averageState_transposeEnsemble : [propext, Classical.choice, Quot.sound]
AUDIT QIT.Ensemble.binary_event_holevo_lower : [propext, Classical.choice, Quot.sound]
AUDIT QIT.Ensemble.constantEnsemble : [propext, Classical.choice, Quot.sound]
AUDIT QIT.Ensemble.holevoInformation_constantEnsemble : [propext, Classical.choice, Quot.sound]
AUDIT QIT.Ensemble.holevoInformation_eq_mutualInformation_cqState : [propext, Classical.choice, Quot.sound]
AUDIT QIT.Ensemble.holevoInformation_nonneg : [propext, Classical.choice, Quot.sound]
AUDIT QIT.Ensemble.holevoInformation_outputEnsemble_le : [propext, Classical.choice, Quot.sound]
AUDIT QIT.Ensemble.holevoInformation_transpose : [propext, Classical.choice, Quot.sound]
AUDIT QIT.Ensemble.tensorPowerOne : [propext, Classical.choice, Quot.sound]
AUDIT QIT.Ensemble.tensorPowerOne_averageState : [propext, Classical.choice, Quot.sound]
AUDIT QIT.Ensemble.tensorPowerOne_holevoInformation : [propext, Classical.choice, Quot.sound]
AUDIT QIT.Ensemble.transposeEnsemble : [propext, Classical.choice, Quot.sound]
AUDIT QIT.Erasure.flagChannel : [propext, Classical.choice, Quot.sound]
AUDIT QIT.Erasure.flagChannel_apply : [propext, Classical.choice, Quot.sound]
AUDIT QIT.Erasure.kraus : [propext, Classical.choice, Quot.sound]
AUDIT QIT.Erasure.kraus_apply : [propext, Classical.choice, Quot.sound]
AUDIT QIT.Erasure.signalChannel : [propext, Classical.choice, Quot.sound]
AUDIT QIT.Erasure.signalChannel_apply : [propext, Classical.choice, Quot.sound]
AUDIT QIT.FlaggedCoin.flagState : [propext, Classical.choice, Quot.sound]
AUDIT QIT.FlaggedCoin.flagState_entropy : [propext, Classical.choice, Quot.sound]
AUDIT QIT.FlaggedCoin.flagState_matrix : [propext, Classical.choice, Quot.sound]
AUDIT QIT.FlaggedCoin.holevo_bound : [propext, Classical.choice, Quot.sound]
AUDIT QIT.FlaggedCoin.preparingChannel : [propext, Classical.choice, Quot.sound]
AUDIT QIT.FlaggedCoin.preparingChannel_bias : [propext, Classical.choice, Quot.sound]
AUDIT QIT.FlaggedCoin.sourceEnsemble : [propext, Classical.choice, Quot.sound]
AUDIT QIT.FlaggedCoin.sourceEnsemble_average : [propext, Classical.choice, Quot.sound]
AUDIT QIT.FlaggedCoin.sourceEnsemble_information : [propext, Classical.choice, Quot.sound]
AUDIT QIT.MatrixMap.complementOfKraus : [propext, Classical.choice, Quot.sound]
AUDIT QIT.MatrixMap.complementOfKraus_apply : [propext, Classical.choice, Quot.sound]
AUDIT QIT.MatrixMap.complementOfKraus_completelyPositive : [propext, Classical.choice, Quot.sound]
AUDIT QIT.MatrixMap.complementOfKraus_eq_ofKraus : [propext, Classical.choice, Quot.sound]
AUDIT QIT.MatrixMap.kron_transposeMap_apply : [propext, Classical.choice, Quot.sound]
AUDIT QIT.MatrixMap.transposeMap : [propext, Classical.choice, Quot.sound]
AUDIT QIT.MatrixMap.transposeMap_apply : [propext, Classical.choice, Quot.sound]
AUDIT QIT.MatrixMap.transposeMap_kronecker : [propext, Classical.choice, Quot.sound]
AUDIT QIT.MatrixMap.transposeMap_transposeMap : [propext, Classical.choice, Quot.sound]
AUDIT QIT.State.transpose : [propext, Classical.choice, Quot.sound]
AUDIT QIT.State.vonNeumann_transpose : [propext, Classical.choice, Quot.sound]
AUDIT QIT.Transition.FullE : []
AUDIT QIT.Transition.RA : []
AUDIT QIT.Transition.RB : []
AUDIT QIT.Transition.RE : []
AUDIT QIT.Transition.amplitude : [propext, Classical.choice, Quot.sound]
AUDIT QIT.Transition.amplitude_le_log_div_63 : [propext, Classical.choice, Quot.sound]
AUDIT QIT.Transition.amplitude_lt_half : [propext, Classical.choice, Quot.sound]
AUDIT QIT.Transition.amplitude_pos : [propext, Classical.choice, Quot.sound]
AUDIT QIT.Transition.amplitude_rate_identity : [propext, Classical.choice, Quot.sound]
AUDIT QIT.Transition.baseBranch : [propext, Classical.choice, Quot.sound]
AUDIT QIT.Transition.branchConstant : [propext, Classical.choice, Quot.sound]
AUDIT QIT.Transition.branchConstant_ge_three : [propext, Classical.choice, Quot.sound]
AUDIT QIT.Transition.certifiedRate : [propext, Classical.choice, Quot.sound]
AUDIT QIT.Transition.certifiedRate_le_measuredRate : [propext, Classical.choice, Quot.sound]
AUDIT QIT.Transition.certifiedRate_le_privateCapacity : [propext, Classical.choice, Quot.sound]
AUDIT QIT.Transition.certifiedRate_pos : [propext, Classical.choice, Quot.sound]
AUDIT QIT.Transition.clickCoefficient : [propext, Classical.choice, Quot.sound]
AUDIT QIT.Transition.clickCoefficient_le : [propext, Classical.choice, Quot.sound]
AUDIT QIT.Transition.clickCoefficient_pos : [propext, Classical.choice, Quot.sound]
AUDIT QIT.Transition.complement : [propext, Classical.choice, Quot.sound]
AUDIT QIT.Transition.complement_erased : [propext, Classical.choice, Quot.sound]
AUDIT QIT.Transition.complement_isComplementOf : [propext, Classical.choice, Quot.sound]
AUDIT QIT.Transition.complement_single : [propext, Classical.choice, Quot.sound]
AUDIT QIT.Transition.complement_tracePreserving : [propext, Classical.choice, Quot.sound]
AUDIT QIT.Transition.complement_transmitted : [propext, Classical.choice, Quot.sound]
AUDIT QIT.Transition.embeddedErased : [propext, Classical.choice, Quot.sound]
AUDIT QIT.Transition.embeddedErased_entry : [propext, Classical.choice, Quot.sound]
AUDIT QIT.Transition.embeddedReference : [propext, Classical.choice, Quot.sound]
AUDIT QIT.Transition.embeddedReference_entry : [propext, Classical.choice, Quot.sound]
AUDIT QIT.Transition.ensemble : [propext, Classical.choice, Quot.sound]
AUDIT QIT.Transition.environmentRemainder : [propext, Classical.choice, Quot.sound]
AUDIT QIT.Transition.environment_branches_order : [propext, Classical.choice, Quot.sound]
AUDIT QIT.Transition.environment_information_upper : [propext, Classical.choice, Quot.sound]
AUDIT QIT.Transition.environment_order : [propext, Classical.choice, Quot.sound]
AUDIT QIT.Transition.environment_remainder : [propext, Classical.choice, Quot.sound]
AUDIT QIT.Transition.epsilon : [propext, Classical.choice, Quot.sound]
AUDIT QIT.Transition.epsilon_entry : [propext, Classical.choice, Quot.sound]
AUDIT QIT.Transition.epsilon_eq_marginal : [propext, Classical.choice, Quot.sound]
AUDIT QIT.Transition.erasedEmbed : [propext, Classical.choice, Quot.sound]
AUDIT QIT.Transition.erasedEmbed_isometry : [propext, Classical.choice, Quot.sound]
AUDIT QIT.Transition.erased_environment_order : [propext, Classical.choice, Quot.sound]
AUDIT QIT.Transition.erasure_transmitted : [propext, Classical.choice, Quot.sound]
AUDIT QIT.Transition.error : [propext, Classical.choice, Quot.sound]
AUDIT QIT.Transition.full_environment : [propext, Classical.choice, Quot.sound]
AUDIT QIT.Transition.full_input_event : [propext, Classical.choice, Quot.sound]
AUDIT QIT.Transition.full_receiver_event : [propext, Classical.choice, Quot.sound]
AUDIT QIT.Transition.h_pos : [propext, Classical.choice, Quot.sound]
AUDIT QIT.Transition.half_erasure_rate : [propext, Classical.choice, Quot.sound]
AUDIT QIT.Transition.individual_capacities_zero : [propext, Classical.choice, Quot.sound]
AUDIT QIT.Transition.inputState : [propext, Classical.choice, Quot.sound]
AUDIT QIT.Transition.inputState_helper_marginal : [propext, Classical.choice, Quot.sound]
AUDIT QIT.Transition.inputState_matrix : [propext, Classical.choice, Quot.sound]
AUDIT QIT.Transition.kappa : [propext, Classical.choice, Quot.sound]
AUDIT QIT.Transition.kappa_ge : [propext, Classical.choice, Quot.sound]
AUDIT QIT.Transition.kraus : [propext, Classical.choice, Quot.sound]
AUDIT QIT.Transition.kraus_completeness : [propext, Classical.choice, Quot.sound]
AUDIT QIT.Transition.mainChannel : [propext, Classical.choice, Quot.sound]
AUDIT QIT.Transition.mainChannel_apply : [propext, Classical.choice, Quot.sound]
AUDIT QIT.Transition.mainChannel_privateCapacity_eq_zero : [propext, Classical.choice, Quot.sound]
AUDIT QIT.Transition.mainChannel_single : [propext, Classical.choice, Quot.sound]
AUDIT QIT.Transition.measuredRate : [propext, Classical.choice, Quot.sound]
AUDIT QIT.Transition.measuredRate_lower : [propext, Classical.choice, Quot.sound]
AUDIT QIT.Transition.measured_information : [propext, Classical.choice, Quot.sound]
AUDIT QIT.Transition.mixedSignal : [propext, Classical.choice, Quot.sound]
AUDIT QIT.Transition.mixedSignal_helper_marginal : [propext, Classical.choice, Quot.sound]
AUDIT QIT.Transition.private_information_lower : [propext, Classical.choice, Quot.sound]
AUDIT QIT.Transition.productChannel : [propext, Classical.choice, Quot.sound]
AUDIT QIT.Transition.productComplement : [propext, Classical.choice, Quot.sound]
AUDIT QIT.Transition.product_isComplementOf : [propext, Classical.choice, Quot.sound]
AUDIT QIT.Transition.rare_signal_gain : [propext, Classical.choice, Quot.sound]
AUDIT QIT.Transition.receiverEffect : [propext, Classical.choice, Quot.sound]
AUDIT QIT.Transition.receiverEffect_entry : [propext, Classical.choice, Quot.sound]
AUDIT QIT.Transition.receiverEffect_le_one : [propext, Classical.choice, Quot.sound]
AUDIT QIT.Transition.receiverEffect_pos : [propext, Classical.choice, Quot.sound]
AUDIT QIT.Transition.receiverEmbed : [propext, Classical.choice, Quot.sound]
AUDIT QIT.Transition.receiverEmbed_isometry : [propext, Classical.choice, Quot.sound]
AUDIT QIT.Transition.receiver_entry : [propext, Classical.choice, Quot.sound]
AUDIT QIT.Transition.receiver_event : [propext, Classical.choice, Quot.sound]
AUDIT QIT.Transition.receiver_information_lower : [propext, Classical.choice, Quot.sound]
AUDIT QIT.Transition.referenceEmbed : [propext, Classical.choice, Quot.sound]
AUDIT QIT.Transition.referenceEmbed_isometry : [propext, Classical.choice, Quot.sound]
AUDIT QIT.Transition.referencedEnvironment : [propext, Classical.choice, Quot.sound]
AUDIT QIT.Transition.referencedReceiver : [propext, Classical.choice, Quot.sound]
AUDIT QIT.Transition.root : [propext, Classical.choice, Quot.sound]
AUDIT QIT.Transition.root_ne_zero : [propext, Classical.choice, Quot.sound]
AUDIT QIT.Transition.root_sq : [propext, Classical.choice, Quot.sound]
AUDIT QIT.Transition.sigma : [propext, Classical.choice, Quot.sound]
AUDIT QIT.Transition.sigma_entry : [propext, Classical.choice, Quot.sound]
AUDIT QIT.Transition.signalBranch : [propext, Classical.choice, Quot.sound]
AUDIT QIT.Transition.signal_effect_le_one : [propext, Classical.choice, Quot.sound]
AUDIT QIT.Transition.simulator : [propext, Classical.choice, Quot.sound]
AUDIT QIT.Transition.simulatorChoi : [propext, Classical.choice, Quot.sound]
AUDIT QIT.Transition.simulatorChoi_pos : [propext, Classical.choice, Quot.sound]
AUDIT QIT.Transition.simulator_identity : [propext, Classical.choice, Quot.sound]
AUDIT QIT.Transition.simulator_single : [propext, Classical.choice, Quot.sound]
AUDIT QIT.Transition.simulator_tracePreserving : [propext, Classical.choice, Quot.sound]
AUDIT QIT.Transition.star_error : [propext, Classical.choice, Quot.sound]
AUDIT QIT.Transition.star_root : [propext, Classical.choice, Quot.sound]
AUDIT QIT.Transition.superactivation_main : [propext, Classical.choice, Quot.sound]
AUDIT QIT.Transition.weak_input_event : [propext, Classical.choice, Quot.sound]
AUDIT QIT.TransitionData.completeness : [propext, Classical.choice, Quot.sound]
AUDIT QIT.TransitionData.errors : [propext, Quot.sound]
AUDIT QIT.TransitionData.flat : [propext, Quot.sound]
AUDIT QIT.TransitionData.gram : [propext, Classical.choice, Quot.sound]
AUDIT QIT.TransitionData.gramTable : [propext, Classical.choice, Quot.sound]
AUDIT QIT.TransitionData.gramWeights : [propext, Classical.choice, Quot.sound]
AUDIT QIT.TransitionData.gramWeights_nonneg : [propext, Classical.choice, Quot.sound]
AUDIT QIT.TransitionData.h : [propext, Classical.choice, Quot.sound]
AUDIT QIT.TransitionData.hTable : [propext, Classical.choice, Quot.sound]
AUDIT QIT.TransitionData.h_gram : [propext, Classical.choice, Quot.sound]
AUDIT QIT.TransitionData.h_partialTrace : [propext, Classical.choice, Quot.sound]
AUDIT QIT.TransitionData.simulation : [propext, Classical.choice, Quot.sound]
AUDIT QIT.TransitionData.weights : [propext, Classical.choice, Quot.sound]
AUDIT QIT.TransitionData.weights_pos : [propext, Classical.choice, Quot.sound]
AUDIT QIT.TransitionEncodingData.blockTable : [propext, Classical.choice, Quot.sound]
AUDIT QIT.TransitionEncodingData.bob : [propext, Classical.choice, Quot.sound]
AUDIT QIT.TransitionEncodingData.env : [propext, Classical.choice, Quot.sound]
AUDIT QIT.TransitionEncodingData.envFlat : [propext, Quot.sound]
AUDIT QIT.TransitionEncodingData.environment_blocks : [propext, Classical.choice, Quot.sound]
AUDIT QIT.TransitionEncodingData.epsilonDiag : [propext, Classical.choice, Quot.sound]
AUDIT QIT.TransitionEncodingData.epsilon_diagonal : [propext, Classical.choice, Quot.sound]
AUDIT QIT.TransitionEncodingData.epsilon_order : [propext, Classical.choice, Quot.sound]
AUDIT QIT.TransitionEncodingData.event : [propext, Classical.choice, Quot.sound]
AUDIT QIT.TransitionEncodingData.helper_marginal : [propext, Classical.choice, Quot.sound]
AUDIT QIT.TransitionEncodingData.inputFlat : [propext, Quot.sound]
AUDIT QIT.TransitionEncodingData.orderGramTable : [propext, Classical.choice, Quot.sound]
AUDIT QIT.TransitionEncodingData.orderWeights : [propext, Classical.choice, Quot.sound]
AUDIT QIT.TransitionEncodingData.orderWeights_nonneg : [propext, Classical.choice, Quot.sound]
AUDIT QIT.TransitionEncodingData.order_gram : [propext, Classical.choice, Quot.sound]
AUDIT QIT.TransitionEncodingData.rho : [propext, Classical.choice, Quot.sound]
AUDIT QIT.TransitionEncodingData.rho_trace : [propext, Classical.choice, Quot.sound]
AUDIT QIT.TransitionEncodingData.signal_projector : [propext, Classical.choice, Quot.sound]
AUDIT QIT.TransitionEncodingData.supportTable : [propext, Classical.choice, Quot.sound]
AUDIT QIT.TransitionEncodingData.v0 : [propext, Quot.sound]
AUDIT QIT.TransitionEncodingData.v1 : [propext, Quot.sound]
AUDIT QIT.TransitionEncodingData.vw : [propext, Quot.sound]
AUDIT QIT.TransitionPaperData.codeProjector : [propext, Classical.choice, Quot.sound]
AUDIT QIT.TransitionPaperData.codeProjector_idempotent : [propext, Classical.choice, Quot.sound]
AUDIT QIT.TransitionPaperData.error_detection : [propext, Classical.choice, Quot.sound]
AUDIT QIT.TransitionPaperData.l : [propext, Classical.choice, Quot.sound]
AUDIT QIT.TransitionPaperData.m : [propext, Quot.sound]
AUDIT QIT.TransitionPaperData.m_ldl : [propext, Classical.choice, Quot.sound]
AUDIT QIT.TransitionPaperData.permutation : [propext]
AUDIT QIT.TransitionPaperData.pivots : [propext, Classical.choice, Quot.sound]
AUDIT QIT.TransitionPaperData.pivots_pos : [propext, Classical.choice, Quot.sound]
AUDIT QIT.TransitionPaperData.q : [propext, Classical.choice, Quot.sound]
AUDIT QIT.TransitionPaperData.reflect : [propext, Quot.sound]
AUDIT QIT.TransitionPaperData.reflection : [propext, Quot.sound]
AUDIT QIT.TransitionPaperData.reflection_orthogonal : [propext, Classical.choice, Quot.sound]
AUDIT QIT.TransitionPaperData.signs : [propext, Quot.sound]
AUDIT QIT.TransitionPaperData.simulator_formula : [propext, Classical.choice, Quot.sound]
AUDIT QIT.TransitionPaperData.vectors : [propext, Classical.choice, Quot.sound]
AUDIT QIT.binaryEntropyBits.eq_1 : [propext, Classical.choice, Quot.sound]
AUDIT QIT.erasureComplementMap._proof_1 : [propext, Classical.choice, Quot.sound]
AUDIT QIT.erasureComplementMap._proof_2 : [propext, Classical.choice, Quot.sound]
AUDIT QIT.erasureComplementMap.eq_1 : [propext, Classical.choice, Quot.sound]
AUDIT QIT.erasureEmbed._boxed : []
AUDIT QIT.erasureEmbed._redArg : []
AUDIT QIT.erasureEmbed.eq_1 : [propext, Classical.choice, Quot.sound]
AUDIT QIT.erasureInvSqrtTwo._proof_1 : [propext]
AUDIT QIT.erasureInvSqrtTwo.eq_1 : [propext, Classical.choice, Quot.sound]
AUDIT QIT.erasureKraus._proof_1 : [propext]
AUDIT QIT.erasureKraus.eq_1 : [propext, Classical.choice, Quot.sound]
AUDIT QIT.erasureKraus.eq_2 : [propext, Classical.choice, Quot.sound]
AUDIT QIT.erasureKraus.match_1 : []
AUDIT QIT.erasure_antidegradable._proof_1 : [propext, Classical.choice, Quot.sound]
AUDIT QIT.sumSwapM._closed_0 : []
AUDIT QIT.sumSwapM._lam_0 : []
AUDIT QIT.sumSwapM.eq_1 : [propext, Classical.choice, Quot.sound]
AUDIT QIT.sumSwapMap._boxed : []
AUDIT QIT.sumSwapMap._redArg : []
AUDIT QIT.sumSwapMap.eq_1 : []
AUDIT QIT.sumSwapMap'._boxed : []
AUDIT QIT.sumSwapMap'._redArg : []
AUDIT QIT.sumSwapMinv._lam_0 : []
AUDIT QIT.sumSwapMinv.eq_1 : [propext, Classical.choice, Quot.sound]
AUDIT _private.QIT.Coding.Private.BinaryHolevo.0.QIT.binary_preparation_information_upper._simp_1_1 : [propext]
AUDIT _private.QIT.Coding.Private.DominatedCoin.0.QIT.DominatedCoin.bias_deriv : [propext, Classical.choice, Quot.sound]
AUDIT _private.QIT.Coding.Private.DominatedCoin.0.QIT.DominatedCoin.corrected : [propext, Classical.choice, Quot.sound]
AUDIT _private.QIT.Coding.Private.DominatedCoin.0.QIT.DominatedCoin.correctedDeriv : [propext,
 Classical.choice,
 Quot.sound]
AUDIT _private.QIT.Coding.Private.DominatedCoin.0.QIT.DominatedCoin.correctedDeriv_hasDerivAt : [propext,
 Classical.choice,
 Quot.sound]
AUDIT _private.QIT.Coding.Private.DominatedCoin.0.QIT.DominatedCoin.corrected_convex : [propext,
 Classical.choice,
 Quot.sound]
AUDIT _private.QIT.Coding.Private.DominatedCoin.0.QIT.DominatedCoin.corrected_hasDerivAt : [propext,
 Classical.choice,
 Quot.sound]
AUDIT _private.QIT.Coding.Private.DominatedCoin.0.QIT.DominatedCoin.measured_entropy : [propext,
 Classical.choice,
 Quot.sound]
AUDIT _private.QIT.Coding.Private.DominatedCoin.0.QIT.DominatedCoin.quarter_false : [propext,
 Classical.choice,
 Quot.sound]
AUDIT _private.QIT.Coding.Private.FlaggedCoin.0.QIT.FlaggedCoin.quarter_false : [propext, Classical.choice, Quot.sound]
AUDIT _private.QIT.Coding.Private.GeneralErasure.0.QIT.Erasure.sqrt_conjugation : [propext,
 Classical.choice,
 Quot.sound]
AUDIT _private.QIT.Coding.Private.GeneralErasure.0.QIT.erasure_antidegradable._simp_1_2 : [propext]
AUDIT _private.QIT.Coding.Private.GeneralErasure.0.QIT.erasure_antidegradable._simp_1_3 : [propext]
AUDIT _private.QIT.Coding.Private.GeneralErasure.0.QIT.erasure_antidegradable._simp_1_4 : [propext]
AUDIT _private.QIT.Coding.Private.GeneralErasure.0.QIT.erasure_antidegradable._simp_1_5 : [propext]
AUDIT _private.QIT.Coding.Private.GeneralErasure.0.QIT.erasure_antidegradable._simp_1_6 : [propext]
AUDIT _private.QIT.Coding.Private.GeneralErasure.0.QIT.erasure_antidegradable._simp_1_7 : [propext,
 Classical.choice,
 Quot.sound]
AUDIT _private.QIT.Coding.Private.GeneralErasure.0.QIT.erasure_antidegradable._simp_1_8 : [propext]
AUDIT _private.QIT.Coding.Private.GeneralErasure.0.QIT.erasure_isComplementOf._simp_1_4 : []
AUDIT _private.QIT.Coding.Private.GeneralErasure.0.QIT.erasure_isComplementOf._simp_1_5 : [propext,
 Classical.choice,
 Quot.sound]
AUDIT _private.QIT.Coding.Private.HalfErasure.0.QIT.erasureInvSqrtTwo_mul_self._simp_1_2 : [propext,
 Classical.choice,
 Quot.sound]
AUDIT _private.QIT.Coding.Private.HalfErasure.0.QIT.erasureKraus_sum._simp_1_1 : [propext]
AUDIT _private.QIT.Coding.Private.HalfErasure.0.QIT.fin1_eq_zero._proof_1_1 : [propext, Quot.sound]
AUDIT _private.QIT.Coding.Private.HalfErasure.0.QIT.sumSwapMinv_mul_sumSwapM._simp_1_3 : [propext]
AUDIT _private.QIT.Coding.Private.ProductComplement.0.QIT.kron_ofKraus._simp_1_1 : [propext,
 Classical.choice,
 Quot.sound]
AUDIT _private.QIT.Coding.Private.TransitionProduct.0.QIT.Transition.lifted_order : [propext,
 Classical.choice,
 Quot.sound]
AUDIT QIT.BinaryPreparation.bernoulliState._proof_1 : [propext, Classical.choice, Quot.sound]
AUDIT QIT.BinaryPreparation.bernoulliState._proof_2 : [propext, Classical.choice, Quot.sound]
AUDIT QIT.BinaryPreparation.bernoulliState._redArg : []
AUDIT QIT.BinaryPreparation.bernoulliState.congr_simp : [propext, Classical.choice, Quot.sound]
AUDIT QIT.BinaryPreparation.flagState._proof_1 : [propext, Classical.choice, Quot.sound]
AUDIT QIT.BinaryPreparation.flagState._proof_2 : [propext]
AUDIT QIT.BinaryPreparation.flagState.congr_simp : [propext, Classical.choice, Quot.sound]
AUDIT QIT.BinaryPreparation.flagState.eq_1 : [propext, Classical.choice, Quot.sound]
AUDIT QIT.BinaryPreparation.preparingChannel._proof_1 : [propext, Classical.choice, Quot.sound]
AUDIT QIT.BinaryPreparation.preparingChannel._proof_2 : [propext, Classical.choice, Quot.sound]
AUDIT QIT.BinaryPreparation.preparingChannel.congr_simp : [propext, Classical.choice, Quot.sound]
AUDIT QIT.BinaryPreparation.preparingChannel.eq_1 : [propext, Classical.choice, Quot.sound]
AUDIT QIT.BinaryPreparation.preparingChannel_letters._proof_1 : [propext, Classical.choice, Quot.sound]
AUDIT QIT.BinaryPreparation.residual._proof_1 : [propext, Classical.choice, Quot.sound]
AUDIT QIT.BinaryPreparation.residual._proof_2 : [propext, Classical.choice, Quot.sound]
AUDIT QIT.BinaryPreparation.residual.congr_simp : [propext, Classical.choice, Quot.sound]
AUDIT QIT.BinaryPreparation.sourceEnsemble._proof_1 : [propext, Classical.choice, Quot.sound]
AUDIT QIT.BinaryPreparation.sourceEnsemble._proof_2 : [propext, Classical.choice, Quot.sound]
AUDIT QIT.BinaryPreparation.sourceEnsemble.eq_1 : [propext, Classical.choice, Quot.sound]
AUDIT QIT.BinaryPreparation.sourceEnsemble_average._proof_1 : [propext, Classical.choice, Quot.sound]
AUDIT QIT.BinaryPreparation.sourceEnsemble_average._proof_2 : [propext, Classical.choice, Quot.sound]
AUDIT QIT.Channel.IsComplementOf.prod : [propext, Classical.choice, Quot.sound]
AUDIT QIT.Channel.blockPrivateInformation.eq_1 : [propext, Classical.choice, Quot.sound]
AUDIT QIT.Channel.convexCombination._proof_1 : [propext, Classical.choice, Quot.sound]
AUDIT QIT.Channel.convexCombination._proof_2 : [propext, Classical.choice, Quot.sound]
AUDIT QIT.Channel.convexCombination._proof_3 : [propext, Classical.choice, Quot.sound]
AUDIT QIT.Channel.convexCombination._proof_4 : [propext, Classical.choice, Quot.sound]
AUDIT QIT.Channel.erasure.congr_simp : [propext, Classical.choice, Quot.sound]
AUDIT QIT.Channel.erasureComplement._proof_1 : [propext, Classical.choice, Quot.sound]
AUDIT QIT.Channel.erasureComplement._proof_2 : [propext, Classical.choice, Quot.sound]
AUDIT QIT.Channel.erasureComplement.congr_simp : [propext, Classical.choice, Quot.sound]
AUDIT QIT.Channel.erasureSimulator._proof_1 : [propext, Classical.choice, Quot.sound]
AUDIT QIT.Channel.erasureSimulator._proof_2 : [propext, Classical.choice, Quot.sound]
AUDIT QIT.Channel.erasureSimulator._proof_3 : [propext, Classical.choice, Quot.sound]
AUDIT QIT.Channel.erasureSimulator._proof_4 : [propext]
AUDIT QIT.Channel.erasureSimulator._proof_5 : [propext, Classical.choice, Quot.sound]
AUDIT QIT.Channel.erasureSimulator._proof_6 : [propext, Classical.choice, Quot.sound]
AUDIT QIT.Channel.halfErasure._proof_1 : [propext, Classical.choice, Quot.sound]
AUDIT QIT.Channel.halfErasure._proof_2 : [propext, Classical.choice, Quot.sound]
AUDIT QIT.Channel.halfErasure._proof_3 : [propext, Classical.choice, Quot.sound]
AUDIT QIT.Channel.halfErasureComplement._proof_1 : [propext, Classical.choice, Quot.sound]
AUDIT QIT.Channel.halfErasureComplement._proof_2 : [propext, Classical.choice, Quot.sound]
AUDIT QIT.Channel.outputEnsemble.eq_1 : [propext, Classical.choice, Quot.sound]
AUDIT QIT.Channel.privateInformationWith.congr_simp : [propext, Classical.choice, Quot.sound]
AUDIT QIT.Channel.privateInformationWith.eq_1 : [propext, Classical.choice, Quot.sound]
AUDIT QIT.Channel.sumSwap._proof_1 : [propext, Classical.choice, Quot.sound]
AUDIT QIT.Channel.sumSwap._proof_2 : [propext, Classical.choice, Quot.sound]
AUDIT QIT.Channel.sumSwap._proof_3 : [propext, Classical.choice, Quot.sound]
AUDIT QIT.Channel.sumSwap._proof_4 : [propext, Classical.choice, Quot.sound]
AUDIT QIT.Channel.sumSwapInv._proof_1 : [propext, Classical.choice, Quot.sound]
AUDIT QIT.Channel.sumSwapInv._proof_2 : [propext, Classical.choice, Quot.sound]
AUDIT QIT.Channel.sumSwapInv._proof_3 : [propext, Classical.choice, Quot.sound]
AUDIT QIT.Channel.sumSwapInv._proof_4 : [propext, Classical.choice, Quot.sound]
AUDIT QIT.DominatedCoin.bias.eq_1 : [propext, Classical.choice, Quot.sound]
AUDIT QIT.DominatedCoin.preparingChannel._proof_1 : [propext, Classical.choice, Quot.sound]
AUDIT QIT.DominatedCoin.preparingChannel._proof_2 : [propext, Classical.choice, Quot.sound]
AUDIT QIT.DominatedCoin.preparingChannel._proof_3 : [propext]
AUDIT QIT.DominatedCoin.preparingChannel._proof_4 : [propext, Classical.choice, Quot.sound]
AUDIT QIT.DominatedCoin.preparingChannel.congr_simp : [propext, Classical.choice, Quot.sound]
AUDIT QIT.DominatedCoin.preparingChannel.eq_1 : [propext, Classical.choice, Quot.sound]
AUDIT QIT.DominatedCoin.sourceEnsemble._proof_1 : [propext, Classical.choice, Quot.sound]
AUDIT QIT.DominatedCoin.sourceEnsemble._proof_2 : [propext, Classical.choice, Quot.sound]
AUDIT QIT.DominatedCoin.sourceEnsemble._proof_3 : [propext, Classical.choice, Quot.sound]
AUDIT QIT.DominatedCoin.sourceEnsemble._proof_4 : [propext, Classical.choice, Quot.sound]
AUDIT QIT.DominatedCoin.sourceEnsemble.eq_1 : [propext, Classical.choice, Quot.sound]
AUDIT QIT.DominatedCoin.sourceEnsemble_average._proof_1 : [propext, Classical.choice, Quot.sound]
AUDIT QIT.DominatedCoin.sourceEnsemble_average._proof_2 : [propext, Classical.choice, Quot.sound]
AUDIT QIT.Ensemble.constantEnsemble._boxed : []
AUDIT QIT.Ensemble.constantEnsemble._proof_1 : [propext, Classical.choice, Quot.sound]
AUDIT QIT.Ensemble.constantEnsemble._redArg : []
AUDIT QIT.Ensemble.constantEnsemble.eq_1 : [propext, Classical.choice, Quot.sound]
AUDIT QIT.Ensemble.tensorPowerOne._boxed : []
AUDIT QIT.Ensemble.tensorPowerOne._redArg : []
AUDIT QIT.Ensemble.tensorPowerOne.eq_1 : [propext, Classical.choice, Quot.sound]
AUDIT QIT.Ensemble.transposeEnsemble._boxed : []
AUDIT QIT.Ensemble.transposeEnsemble._redArg : []
AUDIT QIT.Erasure.flagChannel._proof_1 : [propext]
AUDIT QIT.Erasure.flagChannel.eq_1 : [propext, Classical.choice, Quot.sound]
AUDIT QIT.Erasure.kraus.eq_1 : [propext, Classical.choice, Quot.sound]
AUDIT QIT.Erasure.kraus.eq_2 : [propext, Classical.choice, Quot.sound]
AUDIT QIT.Erasure.kraus.match_1 : []
AUDIT QIT.Erasure.signalChannel._proof_1 : [propext, Classical.choice, Quot.sound]
AUDIT QIT.Erasure.signalChannel._proof_2 : [propext, Classical.choice, Quot.sound]
AUDIT QIT.Erasure.signalChannel._proof_3 : [propext, Classical.choice, Quot.sound]
AUDIT QIT.Erasure.signalChannel._proof_4 : [propext, Classical.choice, Quot.sound]
AUDIT QIT.Erasure.signalChannel.eq_1 : [propext, Classical.choice, Quot.sound]
AUDIT QIT.FlaggedCoin.flagState._proof_1 : [propext, Classical.choice, Quot.sound]
AUDIT QIT.FlaggedCoin.flagState._proof_2 : [propext, Classical.choice, Quot.sound]
AUDIT QIT.FlaggedCoin.flagState.congr_simp : [propext, Classical.choice, Quot.sound]
AUDIT QIT.FlaggedCoin.flagState.eq_1 : [propext, Classical.choice, Quot.sound]
AUDIT QIT.FlaggedCoin.preparingChannel._proof_1 : [propext, Classical.choice, Quot.sound]
AUDIT QIT.FlaggedCoin.preparingChannel._proof_2 : [propext, Classical.choice, Quot.sound]
AUDIT QIT.FlaggedCoin.preparingChannel._proof_3 : [propext, Classical.choice, Quot.sound]
AUDIT QIT.FlaggedCoin.preparingChannel._proof_4 : [propext, Classical.choice, Quot.sound]
AUDIT QIT.FlaggedCoin.preparingChannel.eq_1 : [propext, Classical.choice, Quot.sound]
AUDIT QIT.FlaggedCoin.sourceEnsemble._proof_1 : [propext, Classical.choice, Quot.sound]
AUDIT QIT.FlaggedCoin.sourceEnsemble._proof_2 : [propext, Classical.choice, Quot.sound]
AUDIT QIT.FlaggedCoin.sourceEnsemble._proof_3 : [propext]
AUDIT QIT.FlaggedCoin.sourceEnsemble._proof_4 : [propext, Classical.choice, Quot.sound]
AUDIT QIT.FlaggedCoin.sourceEnsemble._proof_5 : [propext, Classical.choice, Quot.sound]
AUDIT QIT.FlaggedCoin.sourceEnsemble.eq_1 : [propext, Classical.choice, Quot.sound]
AUDIT QIT.FlaggedCoin.sourceEnsemble_average._proof_1 : [propext, Classical.choice, Quot.sound]
AUDIT QIT.FlaggedCoin.sourceEnsemble_average._proof_2 : [propext, Classical.choice, Quot.sound]
AUDIT QIT.MatrixMap.complementOfKraus._proof_1 : [propext, Classical.choice, Quot.sound]
AUDIT QIT.MatrixMap.complementOfKraus._proof_2 : [propext, Classical.choice, Quot.sound]
AUDIT QIT.MatrixMap.transposeMap._boxed : []
AUDIT QIT.MatrixMap.transposeMap._closed_0 : []
AUDIT QIT.MatrixMap.transposeMap._proof_1 : [propext, Classical.choice, Quot.sound]
AUDIT QIT.MatrixMap.transposeMap._proof_2 : [propext, Classical.choice, Quot.sound]
AUDIT QIT.POVM.binaryOfEffect.congr_simp : [propext, Classical.choice, Quot.sound]
AUDIT QIT.POVM.binaryOfEffect.eq_1 : [propext, Classical.choice, Quot.sound]
AUDIT QIT.POVM.isometryLiftState.congr_simp : [propext, Classical.choice, Quot.sound]
AUDIT QIT.POVM.isometryLiftState.eq_1 : [propext, Classical.choice, Quot.sound]
AUDIT QIT.State.transpose._boxed : []
AUDIT QIT.State.transpose._proof_1 : [propext, Classical.choice, Quot.sound]
AUDIT QIT.State.transpose._proof_2 : [propext, Classical.choice, Quot.sound]
AUDIT QIT.State.transpose._redArg : []
AUDIT QIT.Transition.amplitude._proof_1 : [propext]
AUDIT QIT.Transition.amplitude._proof_2 : [propext]
AUDIT QIT.Transition.baseBranch.eq_1 : [propext, Classical.choice, Quot.sound]
AUDIT QIT.Transition.branchConstant._proof_1 : [propext]
AUDIT QIT.Transition.branchConstant._proof_2 : [propext]
AUDIT QIT.Transition.branchConstant._proof_3 : [propext]
AUDIT QIT.Transition.branchConstant.eq_1 : [propext, Classical.choice, Quot.sound]
AUDIT QIT.Transition.certifiedRate._proof_1 : [propext]
AUDIT QIT.Transition.certifiedRate._proof_2 : [propext]
AUDIT QIT.Transition.certifiedRate_le_measuredRate._proof_1 : [propext, Classical.choice, Quot.sound]
AUDIT QIT.Transition.clickCoefficient._proof_1 : [propext]
AUDIT QIT.Transition.clickCoefficient.eq_1 : [propext, Classical.choice, Quot.sound]
AUDIT QIT.Transition.complement._proof_1 : [propext, Classical.choice, Quot.sound]
AUDIT QIT.Transition.complement._proof_2 : [propext, Classical.choice, Quot.sound]
AUDIT QIT.Transition.complement.eq_1 : [propext, Classical.choice, Quot.sound]
AUDIT QIT.Transition.embeddedErased.eq_1 : [propext, Classical.choice, Quot.sound]
AUDIT QIT.Transition.embeddedReference.eq_1 : [propext, Classical.choice, Quot.sound]
AUDIT QIT.Transition.ensemble._proof_1 : [propext, Classical.choice, Quot.sound]
AUDIT QIT.Transition.ensemble._proof_2 : [propext]
AUDIT QIT.Transition.ensemble._proof_3 : [propext]
AUDIT QIT.Transition.ensemble.congr_simp : [propext, Classical.choice, Quot.sound]
AUDIT QIT.Transition.ensemble.eq_1 : [propext, Classical.choice, Quot.sound]
AUDIT QIT.Transition.environmentRemainder.eq_1 : [propext, Classical.choice, Quot.sound]
AUDIT QIT.Transition.environment_information_upper._proof_1 : [propext, Classical.choice, Quot.sound]
AUDIT QIT.Transition.epsilon.eq_1 : [propext, Classical.choice, Quot.sound]
AUDIT QIT.Transition.erasedEmbed._lam_0 : []
AUDIT QIT.Transition.erasedEmbed.eq_1 : [propext, Classical.choice, Quot.sound]
AUDIT QIT.Transition.error._boxed : []
AUDIT QIT.Transition.error.eq_1 : [propext, Classical.choice, Quot.sound]
AUDIT QIT.Transition.individual_capacities_zero._proof_1 : [propext, Classical.choice, Quot.sound]
AUDIT QIT.Transition.inputState._boxed : []
AUDIT QIT.Transition.inputState._lam_0 : []
AUDIT QIT.Transition.inputState._proof_3 : [propext, Classical.choice, Quot.sound]
AUDIT QIT.Transition.inputState._proof_4 : [propext, Classical.choice, Quot.sound]
AUDIT QIT.Transition.kappa._proof_1 : [propext]
AUDIT QIT.Transition.kappa._proof_2 : [propext]
AUDIT QIT.Transition.kappa._proof_3 : [propext]
AUDIT QIT.Transition.kappa.eq_1 : [propext, Classical.choice, Quot.sound]
AUDIT QIT.Transition.kraus.eq_1 : [propext, Classical.choice, Quot.sound]
AUDIT QIT.Transition.mainChannel._proof_1 : [propext, Classical.choice, Quot.sound]
AUDIT QIT.Transition.mainChannel._proof_2 : [propext, Classical.choice, Quot.sound]
AUDIT QIT.Transition.mainChannel._proof_3 : [propext, Classical.choice, Quot.sound]
AUDIT QIT.Transition.mainChannel.eq_1 : [propext, Classical.choice, Quot.sound]
AUDIT QIT.Transition.mixedSignal._proof_1 : [propext, Classical.choice, Quot.sound]
AUDIT QIT.Transition.mixedSignal._proof_2 : [propext, Classical.choice, Quot.sound]
AUDIT QIT.Transition.mixedSignal._proof_3 : [propext, Classical.choice, Quot.sound]
AUDIT QIT.Transition.mixedSignal._proof_4 : [propext, Classical.choice, Quot.sound]
AUDIT QIT.Transition.mixedSignal._redArg : []
AUDIT QIT.Transition.mixedSignal.congr_simp : [propext, Classical.choice, Quot.sound]
AUDIT QIT.Transition.productChannel.congr_simp : [propext, Classical.choice, Quot.sound]
AUDIT QIT.Transition.productChannel.eq_1 : [propext, Classical.choice, Quot.sound]
AUDIT QIT.Transition.productComplement.congr_simp : [propext, Classical.choice, Quot.sound]
AUDIT QIT.Transition.productComplement.eq_1 : [propext, Classical.choice, Quot.sound]
AUDIT QIT.Transition.receiverEffect.eq_1 : [propext, Classical.choice, Quot.sound]
AUDIT QIT.Transition.receiverEmbed._lam_0 : []
AUDIT QIT.Transition.receiverEmbed.eq_1 : [propext, Classical.choice, Quot.sound]
AUDIT QIT.Transition.receiver_information_lower._proof_1 : [propext, Classical.choice, Quot.sound]
AUDIT QIT.Transition.receiver_information_lower._proof_2 : [propext, Classical.choice, Quot.sound]
AUDIT QIT.Transition.referenceEmbed._closed_0 : []
AUDIT QIT.Transition.referenceEmbed._lam_0 : []
AUDIT QIT.Transition.referenceEmbed._lam_1 : []
AUDIT QIT.Transition.referenceEmbed.eq_1 : [propext, Classical.choice, Quot.sound]
AUDIT QIT.Transition.referencedEnvironment.eq_1 : [propext, Classical.choice, Quot.sound]
AUDIT QIT.Transition.referencedReceiver.eq_1 : [propext, Classical.choice, Quot.sound]
AUDIT QIT.Transition.root.eq_1 : [propext, Classical.choice, Quot.sound]
AUDIT QIT.Transition.sigma.eq_1 : [propext, Classical.choice, Quot.sound]
AUDIT QIT.Transition.signalBranch.eq_1 : [propext, Classical.choice, Quot.sound]
AUDIT QIT.Transition.simulator._proof_1 : [propext, Classical.choice, Quot.sound]
AUDIT QIT.Transition.simulator._proof_2 : [propext, Classical.choice, Quot.sound]
AUDIT QIT.Transition.simulatorChoi.eq_1 : [propext, Classical.choice, Quot.sound]
AUDIT QIT.TransitionData.errors._boxed : []
AUDIT QIT.TransitionData.errors._closed_0 : []
AUDIT QIT.TransitionData.errors._closed_1 : []
AUDIT QIT.TransitionData.errors._closed_10 : []
AUDIT QIT.TransitionData.errors._closed_11 : []
AUDIT QIT.TransitionData.errors._closed_12 : []
AUDIT QIT.TransitionData.errors._closed_13 : []
AUDIT QIT.TransitionData.errors._closed_14 : []
AUDIT QIT.TransitionData.errors._closed_15 : []
AUDIT QIT.TransitionData.errors._closed_16 : []
AUDIT QIT.TransitionData.errors._closed_17 : []
AUDIT QIT.TransitionData.errors._closed_18 : []
AUDIT QIT.TransitionData.errors._closed_19 : []
AUDIT QIT.TransitionData.errors._closed_2 : []
AUDIT QIT.TransitionData.errors._closed_20 : []
AUDIT QIT.TransitionData.errors._closed_21 : []
AUDIT QIT.TransitionData.errors._closed_22 : []
AUDIT QIT.TransitionData.errors._closed_23 : []
AUDIT QIT.TransitionData.errors._closed_24 : []
AUDIT QIT.TransitionData.errors._closed_25 : []
AUDIT QIT.TransitionData.errors._closed_26 : []
AUDIT QIT.TransitionData.errors._closed_27 : []
AUDIT QIT.TransitionData.errors._closed_28 : []
AUDIT QIT.TransitionData.errors._closed_29 : []
AUDIT QIT.TransitionData.errors._closed_3 : []
AUDIT QIT.TransitionData.errors._closed_30 : []
AUDIT QIT.TransitionData.errors._closed_31 : []
AUDIT QIT.TransitionData.errors._closed_32 : []
AUDIT QIT.TransitionData.errors._closed_33 : []
AUDIT QIT.TransitionData.errors._closed_34 : []
AUDIT QIT.TransitionData.errors._closed_35 : []
AUDIT QIT.TransitionData.errors._closed_36 : []
AUDIT QIT.TransitionData.errors._closed_37 : []
AUDIT QIT.TransitionData.errors._closed_38 : []
AUDIT QIT.TransitionData.errors._closed_39 : []
AUDIT QIT.TransitionData.errors._closed_4 : []
AUDIT QIT.TransitionData.errors._closed_40 : []
AUDIT QIT.TransitionData.errors._closed_41 : []
AUDIT QIT.TransitionData.errors._closed_42 : []
AUDIT QIT.TransitionData.errors._closed_43 : []
AUDIT QIT.TransitionData.errors._closed_44 : []
AUDIT QIT.TransitionData.errors._closed_45 : []
AUDIT QIT.TransitionData.errors._closed_46 : []
AUDIT QIT.TransitionData.errors._closed_47 : []
AUDIT QIT.TransitionData.errors._closed_48 : []
AUDIT QIT.TransitionData.errors._closed_49 : []
AUDIT QIT.TransitionData.errors._closed_5 : []
AUDIT QIT.TransitionData.errors._closed_50 : []
AUDIT QIT.TransitionData.errors._closed_51 : []
AUDIT QIT.TransitionData.errors._closed_52 : []
AUDIT QIT.TransitionData.errors._closed_53 : []
AUDIT QIT.TransitionData.errors._closed_54 : []
AUDIT QIT.TransitionData.errors._closed_55 : []
AUDIT QIT.TransitionData.errors._closed_56 : []
AUDIT QIT.TransitionData.errors._closed_57 : []
AUDIT QIT.TransitionData.errors._closed_58 : []
AUDIT QIT.TransitionData.errors._closed_59 : []
AUDIT QIT.TransitionData.errors._closed_6 : []
AUDIT QIT.TransitionData.errors._closed_60 : []
AUDIT QIT.TransitionData.errors._closed_61 : []
AUDIT QIT.TransitionData.errors._closed_62 : []
AUDIT QIT.TransitionData.errors._closed_63 : []
AUDIT QIT.TransitionData.errors._closed_64 : []
AUDIT QIT.TransitionData.errors._closed_65 : []
AUDIT QIT.TransitionData.errors._closed_66 : []
AUDIT QIT.TransitionData.errors._closed_67 : []
AUDIT QIT.TransitionData.errors._closed_68 : []
AUDIT QIT.TransitionData.errors._closed_69 : []
AUDIT QIT.TransitionData.errors._closed_7 : []
AUDIT QIT.TransitionData.errors._closed_70 : []
AUDIT QIT.TransitionData.errors._closed_71 : []
AUDIT QIT.TransitionData.errors._closed_72 : []
AUDIT QIT.TransitionData.errors._closed_73 : []
AUDIT QIT.TransitionData.errors._closed_74 : []
AUDIT QIT.TransitionData.errors._closed_75 : []
AUDIT QIT.TransitionData.errors._closed_8 : []
AUDIT QIT.TransitionData.errors._closed_9 : []
AUDIT QIT.TransitionData.errors._lam_0 : []
AUDIT QIT.TransitionData.errors._lam_1 : []
AUDIT QIT.TransitionData.errors._lam_10 : []
AUDIT QIT.TransitionData.errors._lam_2 : []
AUDIT QIT.TransitionData.errors._lam_20 : []
AUDIT QIT.TransitionData.errors._lam_3 : []
AUDIT QIT.TransitionData.flat._boxed : []
AUDIT QIT.TransitionData.flat._proof_2 : [propext, Quot.sound]
AUDIT QIT.TransitionData.gram._boxed : []
AUDIT QIT.TransitionData.gramTable._boxed : []
AUDIT QIT.TransitionData.gramTable._closed_0 : []
AUDIT QIT.TransitionData.gramTable._closed_1 : []
AUDIT QIT.TransitionData.gramTable._closed_10 : []
AUDIT QIT.TransitionData.gramTable._closed_100 : []
AUDIT QIT.TransitionData.gramTable._closed_101 : []
AUDIT QIT.TransitionData.gramTable._closed_102 : []
AUDIT QIT.TransitionData.gramTable._closed_103 : []
AUDIT QIT.TransitionData.gramTable._closed_104 : []
AUDIT QIT.TransitionData.gramTable._closed_105 : []
AUDIT QIT.TransitionData.gramTable._closed_106 : []
AUDIT QIT.TransitionData.gramTable._closed_107 : []
AUDIT QIT.TransitionData.gramTable._closed_108 : []
AUDIT QIT.TransitionData.gramTable._closed_109 : []
AUDIT QIT.TransitionData.gramTable._closed_11 : []
AUDIT QIT.TransitionData.gramTable._closed_110 : []
AUDIT QIT.TransitionData.gramTable._closed_111 : []
AUDIT QIT.TransitionData.gramTable._closed_112 : []
AUDIT QIT.TransitionData.gramTable._closed_113 : []
AUDIT QIT.TransitionData.gramTable._closed_114 : []
AUDIT QIT.TransitionData.gramTable._closed_115 : []
AUDIT QIT.TransitionData.gramTable._closed_116 : []
AUDIT QIT.TransitionData.gramTable._closed_117 : []
AUDIT QIT.TransitionData.gramTable._closed_118 : []
AUDIT QIT.TransitionData.gramTable._closed_119 : []
AUDIT QIT.TransitionData.gramTable._closed_12 : []
AUDIT QIT.TransitionData.gramTable._closed_120 : []
AUDIT QIT.TransitionData.gramTable._closed_121 : []
AUDIT QIT.TransitionData.gramTable._closed_122 : []
AUDIT QIT.TransitionData.gramTable._closed_123 : []
AUDIT QIT.TransitionData.gramTable._closed_124 : []
AUDIT QIT.TransitionData.gramTable._closed_125 : []
AUDIT QIT.TransitionData.gramTable._closed_126 : []
AUDIT QIT.TransitionData.gramTable._closed_127 : []
AUDIT QIT.TransitionData.gramTable._closed_128 : []
AUDIT QIT.TransitionData.gramTable._closed_129 : []
AUDIT QIT.TransitionData.gramTable._closed_13 : []
AUDIT QIT.TransitionData.gramTable._closed_130 : []
AUDIT QIT.TransitionData.gramTable._closed_131 : []
AUDIT QIT.TransitionData.gramTable._closed_132 : []
AUDIT QIT.TransitionData.gramTable._closed_133 : []
AUDIT QIT.TransitionData.gramTable._closed_134 : []
AUDIT QIT.TransitionData.gramTable._closed_135 : []
AUDIT QIT.TransitionData.gramTable._closed_136 : []
AUDIT QIT.TransitionData.gramTable._closed_137 : []
AUDIT QIT.TransitionData.gramTable._closed_138 : []
AUDIT QIT.TransitionData.gramTable._closed_139 : []
AUDIT QIT.TransitionData.gramTable._closed_14 : []
AUDIT QIT.TransitionData.gramTable._closed_140 : []
AUDIT QIT.TransitionData.gramTable._closed_141 : []
AUDIT QIT.TransitionData.gramTable._closed_142 : []
AUDIT QIT.TransitionData.gramTable._closed_143 : []
AUDIT QIT.TransitionData.gramTable._closed_144 : []
AUDIT QIT.TransitionData.gramTable._closed_145 : []
AUDIT QIT.TransitionData.gramTable._closed_146 : []
AUDIT QIT.TransitionData.gramTable._closed_147 : []
AUDIT QIT.TransitionData.gramTable._closed_148 : []
AUDIT QIT.TransitionData.gramTable._closed_149 : []
AUDIT QIT.TransitionData.gramTable._closed_15 : []
AUDIT QIT.TransitionData.gramTable._closed_150 : []
AUDIT QIT.TransitionData.gramTable._closed_151 : []
AUDIT QIT.TransitionData.gramTable._closed_152 : []
AUDIT QIT.TransitionData.gramTable._closed_153 : []
AUDIT QIT.TransitionData.gramTable._closed_154 : []
AUDIT QIT.TransitionData.gramTable._closed_155 : []
AUDIT QIT.TransitionData.gramTable._closed_156 : []
AUDIT QIT.TransitionData.gramTable._closed_157 : []
AUDIT QIT.TransitionData.gramTable._closed_158 : []
AUDIT QIT.TransitionData.gramTable._closed_159 : []
AUDIT QIT.TransitionData.gramTable._closed_16 : []
AUDIT QIT.TransitionData.gramTable._closed_160 : []
AUDIT QIT.TransitionData.gramTable._closed_161 : []
AUDIT QIT.TransitionData.gramTable._closed_162 : []
AUDIT QIT.TransitionData.gramTable._closed_163 : []
AUDIT QIT.TransitionData.gramTable._closed_164 : []
AUDIT QIT.TransitionData.gramTable._closed_165 : []
AUDIT QIT.TransitionData.gramTable._closed_166 : []
AUDIT QIT.TransitionData.gramTable._closed_167 : []
AUDIT QIT.TransitionData.gramTable._closed_168 : []
AUDIT QIT.TransitionData.gramTable._closed_169 : []
AUDIT QIT.TransitionData.gramTable._closed_17 : []
AUDIT QIT.TransitionData.gramTable._closed_170 : []
AUDIT QIT.TransitionData.gramTable._closed_171 : []
AUDIT QIT.TransitionData.gramTable._closed_172 : []
AUDIT QIT.TransitionData.gramTable._closed_173 : []
AUDIT QIT.TransitionData.gramTable._closed_174 : []
AUDIT QIT.TransitionData.gramTable._closed_175 : []
AUDIT QIT.TransitionData.gramTable._closed_176 : []
AUDIT QIT.TransitionData.gramTable._closed_177 : []
AUDIT QIT.TransitionData.gramTable._closed_178 : []
AUDIT QIT.TransitionData.gramTable._closed_179 : []
AUDIT QIT.TransitionData.gramTable._closed_18 : []
AUDIT QIT.TransitionData.gramTable._closed_180 : []
AUDIT QIT.TransitionData.gramTable._closed_181 : []
AUDIT QIT.TransitionData.gramTable._closed_182 : []
AUDIT QIT.TransitionData.gramTable._closed_183 : []
AUDIT QIT.TransitionData.gramTable._closed_184 : []
AUDIT QIT.TransitionData.gramTable._closed_185 : []
AUDIT QIT.TransitionData.gramTable._closed_186 : []
AUDIT QIT.TransitionData.gramTable._closed_187 : []
AUDIT QIT.TransitionData.gramTable._closed_188 : []
AUDIT QIT.TransitionData.gramTable._closed_189 : []
AUDIT QIT.TransitionData.gramTable._closed_19 : []
AUDIT QIT.TransitionData.gramTable._closed_190 : []
AUDIT QIT.TransitionData.gramTable._closed_191 : []
AUDIT QIT.TransitionData.gramTable._closed_192 : []
AUDIT QIT.TransitionData.gramTable._closed_193 : []
AUDIT QIT.TransitionData.gramTable._closed_194 : []
AUDIT QIT.TransitionData.gramTable._closed_195 : []
AUDIT QIT.TransitionData.gramTable._closed_196 : []
AUDIT QIT.TransitionData.gramTable._closed_197 : []
AUDIT QIT.TransitionData.gramTable._closed_198 : []
AUDIT QIT.TransitionData.gramTable._closed_199 : []
AUDIT QIT.TransitionData.gramTable._closed_2 : []
AUDIT QIT.TransitionData.gramTable._closed_20 : []
AUDIT QIT.TransitionData.gramTable._closed_200 : []
AUDIT QIT.TransitionData.gramTable._closed_201 : []
AUDIT QIT.TransitionData.gramTable._closed_202 : []
AUDIT QIT.TransitionData.gramTable._closed_203 : []
AUDIT QIT.TransitionData.gramTable._closed_204 : []
AUDIT QIT.TransitionData.gramTable._closed_205 : []
AUDIT QIT.TransitionData.gramTable._closed_206 : []
AUDIT QIT.TransitionData.gramTable._closed_207 : []
AUDIT QIT.TransitionData.gramTable._closed_208 : []
AUDIT QIT.TransitionData.gramTable._closed_209 : []
AUDIT QIT.TransitionData.gramTable._closed_21 : []
AUDIT QIT.TransitionData.gramTable._closed_210 : []
AUDIT QIT.TransitionData.gramTable._closed_211 : []
AUDIT QIT.TransitionData.gramTable._closed_212 : []
AUDIT QIT.TransitionData.gramTable._closed_213 : []
AUDIT QIT.TransitionData.gramTable._closed_214 : []
AUDIT QIT.TransitionData.gramTable._closed_215 : []
AUDIT QIT.TransitionData.gramTable._closed_216 : []
AUDIT QIT.TransitionData.gramTable._closed_217 : []
AUDIT QIT.TransitionData.gramTable._closed_218 : []
AUDIT QIT.TransitionData.gramTable._closed_219 : []
AUDIT QIT.TransitionData.gramTable._closed_22 : []
AUDIT QIT.TransitionData.gramTable._closed_220 : []
AUDIT QIT.TransitionData.gramTable._closed_221 : []
AUDIT QIT.TransitionData.gramTable._closed_222 : []
AUDIT QIT.TransitionData.gramTable._closed_223 : []
AUDIT QIT.TransitionData.gramTable._closed_224 : []
AUDIT QIT.TransitionData.gramTable._closed_225 : []
AUDIT QIT.TransitionData.gramTable._closed_226 : []
AUDIT QIT.TransitionData.gramTable._closed_227 : []
AUDIT QIT.TransitionData.gramTable._closed_228 : []
AUDIT QIT.TransitionData.gramTable._closed_229 : []
AUDIT QIT.TransitionData.gramTable._closed_23 : []
AUDIT QIT.TransitionData.gramTable._closed_230 : []
AUDIT QIT.TransitionData.gramTable._closed_231 : []
AUDIT QIT.TransitionData.gramTable._closed_232 : []
AUDIT QIT.TransitionData.gramTable._closed_233 : []
AUDIT QIT.TransitionData.gramTable._closed_234 : []
AUDIT QIT.TransitionData.gramTable._closed_235 : []
AUDIT QIT.TransitionData.gramTable._closed_236 : []
AUDIT QIT.TransitionData.gramTable._closed_237 : []
AUDIT QIT.TransitionData.gramTable._closed_238 : []
AUDIT QIT.TransitionData.gramTable._closed_239 : []
AUDIT QIT.TransitionData.gramTable._closed_24 : []
AUDIT QIT.TransitionData.gramTable._closed_25 : []
AUDIT QIT.TransitionData.gramTable._closed_26 : []
AUDIT QIT.TransitionData.gramTable._closed_27 : []
AUDIT QIT.TransitionData.gramTable._closed_28 : []
AUDIT QIT.TransitionData.gramTable._closed_29 : []
AUDIT QIT.TransitionData.gramTable._closed_3 : []
AUDIT QIT.TransitionData.gramTable._closed_30 : []
AUDIT QIT.TransitionData.gramTable._closed_31 : []
AUDIT QIT.TransitionData.gramTable._closed_32 : []
AUDIT QIT.TransitionData.gramTable._closed_33 : []
AUDIT QIT.TransitionData.gramTable._closed_34 : []
AUDIT QIT.TransitionData.gramTable._closed_35 : []
AUDIT QIT.TransitionData.gramTable._closed_36 : []
AUDIT QIT.TransitionData.gramTable._closed_37 : []
AUDIT QIT.TransitionData.gramTable._closed_38 : []
AUDIT QIT.TransitionData.gramTable._closed_39 : []
AUDIT QIT.TransitionData.gramTable._closed_4 : []
AUDIT QIT.TransitionData.gramTable._closed_40 : []
AUDIT QIT.TransitionData.gramTable._closed_41 : []
AUDIT QIT.TransitionData.gramTable._closed_42 : []
AUDIT QIT.TransitionData.gramTable._closed_43 : []
AUDIT QIT.TransitionData.gramTable._closed_44 : []
AUDIT QIT.TransitionData.gramTable._closed_45 : []
AUDIT QIT.TransitionData.gramTable._closed_46 : []
AUDIT QIT.TransitionData.gramTable._closed_47 : []
AUDIT QIT.TransitionData.gramTable._closed_48 : []
AUDIT QIT.TransitionData.gramTable._closed_49 : []
AUDIT QIT.TransitionData.gramTable._closed_5 : []
AUDIT QIT.TransitionData.gramTable._closed_50 : []
AUDIT QIT.TransitionData.gramTable._closed_51 : []
AUDIT QIT.TransitionData.gramTable._closed_52 : []
AUDIT QIT.TransitionData.gramTable._closed_53 : []
AUDIT QIT.TransitionData.gramTable._closed_54 : []
AUDIT QIT.TransitionData.gramTable._closed_55 : []
AUDIT QIT.TransitionData.gramTable._closed_56 : []
AUDIT QIT.TransitionData.gramTable._closed_57 : []
AUDIT QIT.TransitionData.gramTable._closed_58 : []
AUDIT QIT.TransitionData.gramTable._closed_59 : []
AUDIT QIT.TransitionData.gramTable._closed_6 : []
AUDIT QIT.TransitionData.gramTable._closed_60 : []
AUDIT QIT.TransitionData.gramTable._closed_61 : []
AUDIT QIT.TransitionData.gramTable._closed_62 : []
AUDIT QIT.TransitionData.gramTable._closed_63 : []
AUDIT QIT.TransitionData.gramTable._closed_64 : []
AUDIT QIT.TransitionData.gramTable._closed_65 : []
AUDIT QIT.TransitionData.gramTable._closed_66 : []
AUDIT QIT.TransitionData.gramTable._closed_67 : []
AUDIT QIT.TransitionData.gramTable._closed_68 : []
AUDIT QIT.TransitionData.gramTable._closed_69 : []
AUDIT QIT.TransitionData.gramTable._closed_7 : []
AUDIT QIT.TransitionData.gramTable._closed_70 : []
AUDIT QIT.TransitionData.gramTable._closed_71 : []
AUDIT QIT.TransitionData.gramTable._closed_72 : []
AUDIT QIT.TransitionData.gramTable._closed_73 : []
AUDIT QIT.TransitionData.gramTable._closed_74 : []
AUDIT QIT.TransitionData.gramTable._closed_75 : []
AUDIT QIT.TransitionData.gramTable._closed_76 : []
AUDIT QIT.TransitionData.gramTable._closed_77 : []
AUDIT QIT.TransitionData.gramTable._closed_78 : []
AUDIT QIT.TransitionData.gramTable._closed_79 : []
AUDIT QIT.TransitionData.gramTable._closed_8 : []
AUDIT QIT.TransitionData.gramTable._closed_80 : []
AUDIT QIT.TransitionData.gramTable._closed_81 : []
AUDIT QIT.TransitionData.gramTable._closed_82 : []
AUDIT QIT.TransitionData.gramTable._closed_83 : []
AUDIT QIT.TransitionData.gramTable._closed_84 : []
AUDIT QIT.TransitionData.gramTable._closed_85 : []
AUDIT QIT.TransitionData.gramTable._closed_86 : []
AUDIT QIT.TransitionData.gramTable._closed_87 : []
AUDIT QIT.TransitionData.gramTable._closed_88 : []
AUDIT QIT.TransitionData.gramTable._closed_89 : []
AUDIT QIT.TransitionData.gramTable._closed_9 : []
AUDIT QIT.TransitionData.gramTable._closed_90 : []
AUDIT QIT.TransitionData.gramTable._closed_91 : []
AUDIT QIT.TransitionData.gramTable._closed_92 : []
AUDIT QIT.TransitionData.gramTable._closed_93 : []
AUDIT QIT.TransitionData.gramTable._closed_94 : []
AUDIT QIT.TransitionData.gramTable._closed_95 : []
AUDIT QIT.TransitionData.gramTable._closed_96 : []
AUDIT QIT.TransitionData.gramTable._closed_97 : []
AUDIT QIT.TransitionData.gramTable._closed_98 : []
AUDIT QIT.TransitionData.gramTable._closed_99 : []
AUDIT QIT.TransitionData.gramWeights._boxed : []
AUDIT QIT.TransitionData.gramWeights._closed_0 : []
AUDIT QIT.TransitionData.gramWeights._closed_1 : []
AUDIT QIT.TransitionData.gramWeights._closed_10 : []
AUDIT QIT.TransitionData.gramWeights._closed_11 : []
AUDIT QIT.TransitionData.gramWeights._closed_12 : []
AUDIT QIT.TransitionData.gramWeights._closed_13 : []
AUDIT QIT.TransitionData.gramWeights._closed_14 : []
AUDIT QIT.TransitionData.gramWeights._closed_15 : []
AUDIT QIT.TransitionData.gramWeights._closed_16 : []
AUDIT QIT.TransitionData.gramWeights._closed_17 : []
AUDIT QIT.TransitionData.gramWeights._closed_2 : []
AUDIT QIT.TransitionData.gramWeights._closed_3 : []
AUDIT QIT.TransitionData.gramWeights._closed_4 : []
AUDIT QIT.TransitionData.gramWeights._closed_5 : []
AUDIT QIT.TransitionData.gramWeights._closed_6 : []
AUDIT QIT.TransitionData.gramWeights._closed_7 : []
AUDIT QIT.TransitionData.gramWeights._closed_8 : []
AUDIT QIT.TransitionData.gramWeights._closed_9 : []
AUDIT QIT.TransitionData.gramWeights.eq_1 : [propext, Classical.choice, Quot.sound]
AUDIT QIT.TransitionData.h._boxed : []
AUDIT QIT.TransitionData.hTable._boxed : []
AUDIT QIT.TransitionData.hTable._closed_0 : []
AUDIT QIT.TransitionData.hTable._closed_1 : []
AUDIT QIT.TransitionData.hTable._closed_10 : []
AUDIT QIT.TransitionData.hTable._closed_100 : []
AUDIT QIT.TransitionData.hTable._closed_101 : []
AUDIT QIT.TransitionData.hTable._closed_102 : []
AUDIT QIT.TransitionData.hTable._closed_103 : []
AUDIT QIT.TransitionData.hTable._closed_104 : []
AUDIT QIT.TransitionData.hTable._closed_105 : []
AUDIT QIT.TransitionData.hTable._closed_106 : []
AUDIT QIT.TransitionData.hTable._closed_107 : []
AUDIT QIT.TransitionData.hTable._closed_108 : []
AUDIT QIT.TransitionData.hTable._closed_109 : []
AUDIT QIT.TransitionData.hTable._closed_11 : []
AUDIT QIT.TransitionData.hTable._closed_110 : []
AUDIT QIT.TransitionData.hTable._closed_111 : []
AUDIT QIT.TransitionData.hTable._closed_112 : []
AUDIT QIT.TransitionData.hTable._closed_113 : []
AUDIT QIT.TransitionData.hTable._closed_114 : []
AUDIT QIT.TransitionData.hTable._closed_115 : []
AUDIT QIT.TransitionData.hTable._closed_116 : []
AUDIT QIT.TransitionData.hTable._closed_117 : []
AUDIT QIT.TransitionData.hTable._closed_118 : []
AUDIT QIT.TransitionData.hTable._closed_119 : []
AUDIT QIT.TransitionData.hTable._closed_12 : []
AUDIT QIT.TransitionData.hTable._closed_120 : []
AUDIT QIT.TransitionData.hTable._closed_121 : []
AUDIT QIT.TransitionData.hTable._closed_122 : []
AUDIT QIT.TransitionData.hTable._closed_123 : []
AUDIT QIT.TransitionData.hTable._closed_124 : []
AUDIT QIT.TransitionData.hTable._closed_125 : []
AUDIT QIT.TransitionData.hTable._closed_126 : []
AUDIT QIT.TransitionData.hTable._closed_127 : []
AUDIT QIT.TransitionData.hTable._closed_128 : []
AUDIT QIT.TransitionData.hTable._closed_129 : []
AUDIT QIT.TransitionData.hTable._closed_13 : []
AUDIT QIT.TransitionData.hTable._closed_130 : []
AUDIT QIT.TransitionData.hTable._closed_131 : []
AUDIT QIT.TransitionData.hTable._closed_132 : []
AUDIT QIT.TransitionData.hTable._closed_133 : []
AUDIT QIT.TransitionData.hTable._closed_134 : []
AUDIT QIT.TransitionData.hTable._closed_135 : []
AUDIT QIT.TransitionData.hTable._closed_136 : []
AUDIT QIT.TransitionData.hTable._closed_137 : []
AUDIT QIT.TransitionData.hTable._closed_138 : []
AUDIT QIT.TransitionData.hTable._closed_139 : []
AUDIT QIT.TransitionData.hTable._closed_14 : []
AUDIT QIT.TransitionData.hTable._closed_140 : []
AUDIT QIT.TransitionData.hTable._closed_141 : []
AUDIT QIT.TransitionData.hTable._closed_142 : []
AUDIT QIT.TransitionData.hTable._closed_143 : []
AUDIT QIT.TransitionData.hTable._closed_144 : []
AUDIT QIT.TransitionData.hTable._closed_145 : []
AUDIT QIT.TransitionData.hTable._closed_146 : []
AUDIT QIT.TransitionData.hTable._closed_147 : []
AUDIT QIT.TransitionData.hTable._closed_148 : []
AUDIT QIT.TransitionData.hTable._closed_149 : []
AUDIT QIT.TransitionData.hTable._closed_15 : []
AUDIT QIT.TransitionData.hTable._closed_150 : []
AUDIT QIT.TransitionData.hTable._closed_151 : []
AUDIT QIT.TransitionData.hTable._closed_152 : []
AUDIT QIT.TransitionData.hTable._closed_153 : []
AUDIT QIT.TransitionData.hTable._closed_154 : []
AUDIT QIT.TransitionData.hTable._closed_155 : []
AUDIT QIT.TransitionData.hTable._closed_156 : []
AUDIT QIT.TransitionData.hTable._closed_157 : []
AUDIT QIT.TransitionData.hTable._closed_158 : []
AUDIT QIT.TransitionData.hTable._closed_159 : []
AUDIT QIT.TransitionData.hTable._closed_16 : []
AUDIT QIT.TransitionData.hTable._closed_160 : []
AUDIT QIT.TransitionData.hTable._closed_161 : []
AUDIT QIT.TransitionData.hTable._closed_162 : []
AUDIT QIT.TransitionData.hTable._closed_163 : []
AUDIT QIT.TransitionData.hTable._closed_164 : []
AUDIT QIT.TransitionData.hTable._closed_165 : []
AUDIT QIT.TransitionData.hTable._closed_166 : []
AUDIT QIT.TransitionData.hTable._closed_167 : []
AUDIT QIT.TransitionData.hTable._closed_168 : []
AUDIT QIT.TransitionData.hTable._closed_169 : []
AUDIT QIT.TransitionData.hTable._closed_17 : []
AUDIT QIT.TransitionData.hTable._closed_170 : []
AUDIT QIT.TransitionData.hTable._closed_171 : []
AUDIT QIT.TransitionData.hTable._closed_172 : []
AUDIT QIT.TransitionData.hTable._closed_173 : []
AUDIT QIT.TransitionData.hTable._closed_174 : []
AUDIT QIT.TransitionData.hTable._closed_175 : []
AUDIT QIT.TransitionData.hTable._closed_176 : []
AUDIT QIT.TransitionData.hTable._closed_177 : []
AUDIT QIT.TransitionData.hTable._closed_178 : []
AUDIT QIT.TransitionData.hTable._closed_179 : []
AUDIT QIT.TransitionData.hTable._closed_18 : []
AUDIT QIT.TransitionData.hTable._closed_180 : []
AUDIT QIT.TransitionData.hTable._closed_181 : []
AUDIT QIT.TransitionData.hTable._closed_182 : []
AUDIT QIT.TransitionData.hTable._closed_183 : []
AUDIT QIT.TransitionData.hTable._closed_184 : []
AUDIT QIT.TransitionData.hTable._closed_185 : []
AUDIT QIT.TransitionData.hTable._closed_186 : []
AUDIT QIT.TransitionData.hTable._closed_187 : []
AUDIT QIT.TransitionData.hTable._closed_188 : []
AUDIT QIT.TransitionData.hTable._closed_189 : []
AUDIT QIT.TransitionData.hTable._closed_19 : []
AUDIT QIT.TransitionData.hTable._closed_190 : []
AUDIT QIT.TransitionData.hTable._closed_191 : []
AUDIT QIT.TransitionData.hTable._closed_192 : []
AUDIT QIT.TransitionData.hTable._closed_193 : []
AUDIT QIT.TransitionData.hTable._closed_194 : []
AUDIT QIT.TransitionData.hTable._closed_195 : []
AUDIT QIT.TransitionData.hTable._closed_196 : []
AUDIT QIT.TransitionData.hTable._closed_197 : []
AUDIT QIT.TransitionData.hTable._closed_198 : []
AUDIT QIT.TransitionData.hTable._closed_199 : []
AUDIT QIT.TransitionData.hTable._closed_2 : []
AUDIT QIT.TransitionData.hTable._closed_20 : []
AUDIT QIT.TransitionData.hTable._closed_200 : []
AUDIT QIT.TransitionData.hTable._closed_201 : []
AUDIT QIT.TransitionData.hTable._closed_202 : []
AUDIT QIT.TransitionData.hTable._closed_203 : []
AUDIT QIT.TransitionData.hTable._closed_204 : []
AUDIT QIT.TransitionData.hTable._closed_205 : []
AUDIT QIT.TransitionData.hTable._closed_206 : []
AUDIT QIT.TransitionData.hTable._closed_207 : []
AUDIT QIT.TransitionData.hTable._closed_208 : []
AUDIT QIT.TransitionData.hTable._closed_209 : []
AUDIT QIT.TransitionData.hTable._closed_21 : []
AUDIT QIT.TransitionData.hTable._closed_210 : []
AUDIT QIT.TransitionData.hTable._closed_211 : []
AUDIT QIT.TransitionData.hTable._closed_212 : []
AUDIT QIT.TransitionData.hTable._closed_213 : []
AUDIT QIT.TransitionData.hTable._closed_214 : []
AUDIT QIT.TransitionData.hTable._closed_215 : []
AUDIT QIT.TransitionData.hTable._closed_216 : []
AUDIT QIT.TransitionData.hTable._closed_217 : []
AUDIT QIT.TransitionData.hTable._closed_218 : []
AUDIT QIT.TransitionData.hTable._closed_219 : []
AUDIT QIT.TransitionData.hTable._closed_22 : []
AUDIT QIT.TransitionData.hTable._closed_220 : []
AUDIT QIT.TransitionData.hTable._closed_221 : []
AUDIT QIT.TransitionData.hTable._closed_222 : []
AUDIT QIT.TransitionData.hTable._closed_223 : []
AUDIT QIT.TransitionData.hTable._closed_224 : []
AUDIT QIT.TransitionData.hTable._closed_225 : []
AUDIT QIT.TransitionData.hTable._closed_226 : []
AUDIT QIT.TransitionData.hTable._closed_227 : []
AUDIT QIT.TransitionData.hTable._closed_228 : []
AUDIT QIT.TransitionData.hTable._closed_229 : []
AUDIT QIT.TransitionData.hTable._closed_23 : []
AUDIT QIT.TransitionData.hTable._closed_230 : []
AUDIT QIT.TransitionData.hTable._closed_231 : []
AUDIT QIT.TransitionData.hTable._closed_232 : []
AUDIT QIT.TransitionData.hTable._closed_233 : []
AUDIT QIT.TransitionData.hTable._closed_234 : []
AUDIT QIT.TransitionData.hTable._closed_235 : []
AUDIT QIT.TransitionData.hTable._closed_236 : []
AUDIT QIT.TransitionData.hTable._closed_237 : []
AUDIT QIT.TransitionData.hTable._closed_238 : []
AUDIT QIT.TransitionData.hTable._closed_239 : []
AUDIT QIT.TransitionData.hTable._closed_24 : []
AUDIT QIT.TransitionData.hTable._closed_240 : []
AUDIT QIT.TransitionData.hTable._closed_241 : []
AUDIT QIT.TransitionData.hTable._closed_242 : []
AUDIT QIT.TransitionData.hTable._closed_243 : []
AUDIT QIT.TransitionData.hTable._closed_244 : []
AUDIT QIT.TransitionData.hTable._closed_245 : []
AUDIT QIT.TransitionData.hTable._closed_246 : []
AUDIT QIT.TransitionData.hTable._closed_247 : []
AUDIT QIT.TransitionData.hTable._closed_248 : []
AUDIT QIT.TransitionData.hTable._closed_249 : []
AUDIT QIT.TransitionData.hTable._closed_25 : []
AUDIT QIT.TransitionData.hTable._closed_250 : []
AUDIT QIT.TransitionData.hTable._closed_251 : []
AUDIT QIT.TransitionData.hTable._closed_252 : []
AUDIT QIT.TransitionData.hTable._closed_253 : []
AUDIT QIT.TransitionData.hTable._closed_254 : []
AUDIT QIT.TransitionData.hTable._closed_255 : []
AUDIT QIT.TransitionData.hTable._closed_256 : []
AUDIT QIT.TransitionData.hTable._closed_257 : []
AUDIT QIT.TransitionData.hTable._closed_258 : []
AUDIT QIT.TransitionData.hTable._closed_259 : []
AUDIT QIT.TransitionData.hTable._closed_26 : []
AUDIT QIT.TransitionData.hTable._closed_260 : []
AUDIT QIT.TransitionData.hTable._closed_261 : []
AUDIT QIT.TransitionData.hTable._closed_262 : []
AUDIT QIT.TransitionData.hTable._closed_263 : []
AUDIT QIT.TransitionData.hTable._closed_264 : []
AUDIT QIT.TransitionData.hTable._closed_265 : []
AUDIT QIT.TransitionData.hTable._closed_266 : []
AUDIT QIT.TransitionData.hTable._closed_267 : []
AUDIT QIT.TransitionData.hTable._closed_268 : []
AUDIT QIT.TransitionData.hTable._closed_269 : []
AUDIT QIT.TransitionData.hTable._closed_27 : []
AUDIT QIT.TransitionData.hTable._closed_270 : []
AUDIT QIT.TransitionData.hTable._closed_271 : []
AUDIT QIT.TransitionData.hTable._closed_272 : []
AUDIT QIT.TransitionData.hTable._closed_273 : []
AUDIT QIT.TransitionData.hTable._closed_274 : []
AUDIT QIT.TransitionData.hTable._closed_275 : []
AUDIT QIT.TransitionData.hTable._closed_276 : []
AUDIT QIT.TransitionData.hTable._closed_277 : []
AUDIT QIT.TransitionData.hTable._closed_278 : []
AUDIT QIT.TransitionData.hTable._closed_279 : []
AUDIT QIT.TransitionData.hTable._closed_28 : []
AUDIT QIT.TransitionData.hTable._closed_280 : []
AUDIT QIT.TransitionData.hTable._closed_281 : []
AUDIT QIT.TransitionData.hTable._closed_282 : []
AUDIT QIT.TransitionData.hTable._closed_283 : []
AUDIT QIT.TransitionData.hTable._closed_284 : []
AUDIT QIT.TransitionData.hTable._closed_285 : []
AUDIT QIT.TransitionData.hTable._closed_286 : []
AUDIT QIT.TransitionData.hTable._closed_287 : []
AUDIT QIT.TransitionData.hTable._closed_288 : []
AUDIT QIT.TransitionData.hTable._closed_289 : []
AUDIT QIT.TransitionData.hTable._closed_29 : []
AUDIT QIT.TransitionData.hTable._closed_290 : []
AUDIT QIT.TransitionData.hTable._closed_291 : []
AUDIT QIT.TransitionData.hTable._closed_292 : []
AUDIT QIT.TransitionData.hTable._closed_293 : []
AUDIT QIT.TransitionData.hTable._closed_294 : []
AUDIT QIT.TransitionData.hTable._closed_295 : []
AUDIT QIT.TransitionData.hTable._closed_296 : []
AUDIT QIT.TransitionData.hTable._closed_297 : []
AUDIT QIT.TransitionData.hTable._closed_298 : []
AUDIT QIT.TransitionData.hTable._closed_299 : []
AUDIT QIT.TransitionData.hTable._closed_3 : []
AUDIT QIT.TransitionData.hTable._closed_30 : []
AUDIT QIT.TransitionData.hTable._closed_300 : []
AUDIT QIT.TransitionData.hTable._closed_301 : []
AUDIT QIT.TransitionData.hTable._closed_302 : []
AUDIT QIT.TransitionData.hTable._closed_303 : []
AUDIT QIT.TransitionData.hTable._closed_304 : []
AUDIT QIT.TransitionData.hTable._closed_305 : []
AUDIT QIT.TransitionData.hTable._closed_306 : []
AUDIT QIT.TransitionData.hTable._closed_307 : []
AUDIT QIT.TransitionData.hTable._closed_308 : []
AUDIT QIT.TransitionData.hTable._closed_309 : []
AUDIT QIT.TransitionData.hTable._closed_31 : []
AUDIT QIT.TransitionData.hTable._closed_310 : []
AUDIT QIT.TransitionData.hTable._closed_311 : []
AUDIT QIT.TransitionData.hTable._closed_312 : []
AUDIT QIT.TransitionData.hTable._closed_313 : []
AUDIT QIT.TransitionData.hTable._closed_314 : []
AUDIT QIT.TransitionData.hTable._closed_315 : []
AUDIT QIT.TransitionData.hTable._closed_316 : []
AUDIT QIT.TransitionData.hTable._closed_317 : []
AUDIT QIT.TransitionData.hTable._closed_318 : []
AUDIT QIT.TransitionData.hTable._closed_319 : []
AUDIT QIT.TransitionData.hTable._closed_32 : []
AUDIT QIT.TransitionData.hTable._closed_320 : []
AUDIT QIT.TransitionData.hTable._closed_321 : []
AUDIT QIT.TransitionData.hTable._closed_322 : []
AUDIT QIT.TransitionData.hTable._closed_323 : []
AUDIT QIT.TransitionData.hTable._closed_324 : []
AUDIT QIT.TransitionData.hTable._closed_325 : []
AUDIT QIT.TransitionData.hTable._closed_326 : []
AUDIT QIT.TransitionData.hTable._closed_327 : []
AUDIT QIT.TransitionData.hTable._closed_328 : []
AUDIT QIT.TransitionData.hTable._closed_329 : []
AUDIT QIT.TransitionData.hTable._closed_33 : []
AUDIT QIT.TransitionData.hTable._closed_330 : []
AUDIT QIT.TransitionData.hTable._closed_331 : []
AUDIT QIT.TransitionData.hTable._closed_332 : []
AUDIT QIT.TransitionData.hTable._closed_333 : []
AUDIT QIT.TransitionData.hTable._closed_334 : []
AUDIT QIT.TransitionData.hTable._closed_335 : []
AUDIT QIT.TransitionData.hTable._closed_336 : []
AUDIT QIT.TransitionData.hTable._closed_337 : []
AUDIT QIT.TransitionData.hTable._closed_338 : []
AUDIT QIT.TransitionData.hTable._closed_339 : []
AUDIT QIT.TransitionData.hTable._closed_34 : []
AUDIT QIT.TransitionData.hTable._closed_340 : []
AUDIT QIT.TransitionData.hTable._closed_341 : []
AUDIT QIT.TransitionData.hTable._closed_342 : []
AUDIT QIT.TransitionData.hTable._closed_343 : []
AUDIT QIT.TransitionData.hTable._closed_344 : []
AUDIT QIT.TransitionData.hTable._closed_345 : []
AUDIT QIT.TransitionData.hTable._closed_346 : []
AUDIT QIT.TransitionData.hTable._closed_347 : []
AUDIT QIT.TransitionData.hTable._closed_348 : []
AUDIT QIT.TransitionData.hTable._closed_349 : []
AUDIT QIT.TransitionData.hTable._closed_35 : []
AUDIT QIT.TransitionData.hTable._closed_350 : []
AUDIT QIT.TransitionData.hTable._closed_351 : []
AUDIT QIT.TransitionData.hTable._closed_352 : []
AUDIT QIT.TransitionData.hTable._closed_353 : []
AUDIT QIT.TransitionData.hTable._closed_354 : []
AUDIT QIT.TransitionData.hTable._closed_355 : []
AUDIT QIT.TransitionData.hTable._closed_356 : []
AUDIT QIT.TransitionData.hTable._closed_357 : []
AUDIT QIT.TransitionData.hTable._closed_358 : []
AUDIT QIT.TransitionData.hTable._closed_359 : []
AUDIT QIT.TransitionData.hTable._closed_36 : []
AUDIT QIT.TransitionData.hTable._closed_360 : []
AUDIT QIT.TransitionData.hTable._closed_361 : []
AUDIT QIT.TransitionData.hTable._closed_362 : []
AUDIT QIT.TransitionData.hTable._closed_363 : []
AUDIT QIT.TransitionData.hTable._closed_364 : []
AUDIT QIT.TransitionData.hTable._closed_365 : []
AUDIT QIT.TransitionData.hTable._closed_366 : []
AUDIT QIT.TransitionData.hTable._closed_367 : []
AUDIT QIT.TransitionData.hTable._closed_368 : []
AUDIT QIT.TransitionData.hTable._closed_369 : []
AUDIT QIT.TransitionData.hTable._closed_37 : []
AUDIT QIT.TransitionData.hTable._closed_370 : []
AUDIT QIT.TransitionData.hTable._closed_371 : []
AUDIT QIT.TransitionData.hTable._closed_372 : []
AUDIT QIT.TransitionData.hTable._closed_373 : []
AUDIT QIT.TransitionData.hTable._closed_374 : []
AUDIT QIT.TransitionData.hTable._closed_375 : []
AUDIT QIT.TransitionData.hTable._closed_376 : []
AUDIT QIT.TransitionData.hTable._closed_377 : []
AUDIT QIT.TransitionData.hTable._closed_378 : []
AUDIT QIT.TransitionData.hTable._closed_379 : []
AUDIT QIT.TransitionData.hTable._closed_38 : []
AUDIT QIT.TransitionData.hTable._closed_380 : []
AUDIT QIT.TransitionData.hTable._closed_381 : []
AUDIT QIT.TransitionData.hTable._closed_382 : []
AUDIT QIT.TransitionData.hTable._closed_383 : []
AUDIT QIT.TransitionData.hTable._closed_384 : []
AUDIT QIT.TransitionData.hTable._closed_385 : []
AUDIT QIT.TransitionData.hTable._closed_386 : []
AUDIT QIT.TransitionData.hTable._closed_387 : []
AUDIT QIT.TransitionData.hTable._closed_388 : []
AUDIT QIT.TransitionData.hTable._closed_389 : []
AUDIT QIT.TransitionData.hTable._closed_39 : []
AUDIT QIT.TransitionData.hTable._closed_390 : []
AUDIT QIT.TransitionData.hTable._closed_391 : []
AUDIT QIT.TransitionData.hTable._closed_392 : []
AUDIT QIT.TransitionData.hTable._closed_393 : []
AUDIT QIT.TransitionData.hTable._closed_394 : []
AUDIT QIT.TransitionData.hTable._closed_395 : []
AUDIT QIT.TransitionData.hTable._closed_396 : []
AUDIT QIT.TransitionData.hTable._closed_397 : []
AUDIT QIT.TransitionData.hTable._closed_398 : []
AUDIT QIT.TransitionData.hTable._closed_399 : []
AUDIT QIT.TransitionData.hTable._closed_4 : []
AUDIT QIT.TransitionData.hTable._closed_40 : []
AUDIT QIT.TransitionData.hTable._closed_400 : []
AUDIT QIT.TransitionData.hTable._closed_401 : []
AUDIT QIT.TransitionData.hTable._closed_402 : []
AUDIT QIT.TransitionData.hTable._closed_403 : []
AUDIT QIT.TransitionData.hTable._closed_404 : []
AUDIT QIT.TransitionData.hTable._closed_405 : []
AUDIT QIT.TransitionData.hTable._closed_406 : []
AUDIT QIT.TransitionData.hTable._closed_407 : []
AUDIT QIT.TransitionData.hTable._closed_408 : []
AUDIT QIT.TransitionData.hTable._closed_409 : []
AUDIT QIT.TransitionData.hTable._closed_41 : []
AUDIT QIT.TransitionData.hTable._closed_410 : []
AUDIT QIT.TransitionData.hTable._closed_411 : []
AUDIT QIT.TransitionData.hTable._closed_412 : []
AUDIT QIT.TransitionData.hTable._closed_413 : []
AUDIT QIT.TransitionData.hTable._closed_414 : []
AUDIT QIT.TransitionData.hTable._closed_415 : []
AUDIT QIT.TransitionData.hTable._closed_416 : []
AUDIT QIT.TransitionData.hTable._closed_417 : []
AUDIT QIT.TransitionData.hTable._closed_418 : []
AUDIT QIT.TransitionData.hTable._closed_419 : []
AUDIT QIT.TransitionData.hTable._closed_42 : []
AUDIT QIT.TransitionData.hTable._closed_420 : []
AUDIT QIT.TransitionData.hTable._closed_421 : []
AUDIT QIT.TransitionData.hTable._closed_422 : []
AUDIT QIT.TransitionData.hTable._closed_423 : []
AUDIT QIT.TransitionData.hTable._closed_424 : []
AUDIT QIT.TransitionData.hTable._closed_425 : []
AUDIT QIT.TransitionData.hTable._closed_426 : []
AUDIT QIT.TransitionData.hTable._closed_427 : []
AUDIT QIT.TransitionData.hTable._closed_428 : []
AUDIT QIT.TransitionData.hTable._closed_429 : []
AUDIT QIT.TransitionData.hTable._closed_43 : []
AUDIT QIT.TransitionData.hTable._closed_430 : []
AUDIT QIT.TransitionData.hTable._closed_431 : []
AUDIT QIT.TransitionData.hTable._closed_432 : []
AUDIT QIT.TransitionData.hTable._closed_433 : []
AUDIT QIT.TransitionData.hTable._closed_434 : []
AUDIT QIT.TransitionData.hTable._closed_435 : []
AUDIT QIT.TransitionData.hTable._closed_436 : []
AUDIT QIT.TransitionData.hTable._closed_437 : []
AUDIT QIT.TransitionData.hTable._closed_438 : []
AUDIT QIT.TransitionData.hTable._closed_439 : []
AUDIT QIT.TransitionData.hTable._closed_44 : []
AUDIT QIT.TransitionData.hTable._closed_440 : []
AUDIT QIT.TransitionData.hTable._closed_441 : []
AUDIT QIT.TransitionData.hTable._closed_442 : []
AUDIT QIT.TransitionData.hTable._closed_443 : []
AUDIT QIT.TransitionData.hTable._closed_444 : []
AUDIT QIT.TransitionData.hTable._closed_445 : []
AUDIT QIT.TransitionData.hTable._closed_446 : []
AUDIT QIT.TransitionData.hTable._closed_447 : []
AUDIT QIT.TransitionData.hTable._closed_448 : []
AUDIT QIT.TransitionData.hTable._closed_449 : []
AUDIT QIT.TransitionData.hTable._closed_45 : []
AUDIT QIT.TransitionData.hTable._closed_450 : []
AUDIT QIT.TransitionData.hTable._closed_451 : []
AUDIT QIT.TransitionData.hTable._closed_452 : []
AUDIT QIT.TransitionData.hTable._closed_453 : []
AUDIT QIT.TransitionData.hTable._closed_454 : []
AUDIT QIT.TransitionData.hTable._closed_455 : []
AUDIT QIT.TransitionData.hTable._closed_456 : []
AUDIT QIT.TransitionData.hTable._closed_457 : []
AUDIT QIT.TransitionData.hTable._closed_458 : []
AUDIT QIT.TransitionData.hTable._closed_459 : []
AUDIT QIT.TransitionData.hTable._closed_46 : []
AUDIT QIT.TransitionData.hTable._closed_460 : []
AUDIT QIT.TransitionData.hTable._closed_461 : []
AUDIT QIT.TransitionData.hTable._closed_462 : []
AUDIT QIT.TransitionData.hTable._closed_463 : []
AUDIT QIT.TransitionData.hTable._closed_464 : []
AUDIT QIT.TransitionData.hTable._closed_465 : []
AUDIT QIT.TransitionData.hTable._closed_466 : []
AUDIT QIT.TransitionData.hTable._closed_467 : []
AUDIT QIT.TransitionData.hTable._closed_468 : []
AUDIT QIT.TransitionData.hTable._closed_469 : []
AUDIT QIT.TransitionData.hTable._closed_47 : []
AUDIT QIT.TransitionData.hTable._closed_470 : []
AUDIT QIT.TransitionData.hTable._closed_471 : []
AUDIT QIT.TransitionData.hTable._closed_472 : []
AUDIT QIT.TransitionData.hTable._closed_473 : []
AUDIT QIT.TransitionData.hTable._closed_474 : []
AUDIT QIT.TransitionData.hTable._closed_475 : []
AUDIT QIT.TransitionData.hTable._closed_476 : []
AUDIT QIT.TransitionData.hTable._closed_477 : []
AUDIT QIT.TransitionData.hTable._closed_478 : []
AUDIT QIT.TransitionData.hTable._closed_479 : []
AUDIT QIT.TransitionData.hTable._closed_48 : []
AUDIT QIT.TransitionData.hTable._closed_480 : []
AUDIT QIT.TransitionData.hTable._closed_481 : []
AUDIT QIT.TransitionData.hTable._closed_482 : []
AUDIT QIT.TransitionData.hTable._closed_483 : []
AUDIT QIT.TransitionData.hTable._closed_484 : []
AUDIT QIT.TransitionData.hTable._closed_485 : []
AUDIT QIT.TransitionData.hTable._closed_486 : []
AUDIT QIT.TransitionData.hTable._closed_487 : []
AUDIT QIT.TransitionData.hTable._closed_488 : []
AUDIT QIT.TransitionData.hTable._closed_489 : []
AUDIT QIT.TransitionData.hTable._closed_49 : []
AUDIT QIT.TransitionData.hTable._closed_490 : []
AUDIT QIT.TransitionData.hTable._closed_491 : []
AUDIT QIT.TransitionData.hTable._closed_492 : []
AUDIT QIT.TransitionData.hTable._closed_493 : []
AUDIT QIT.TransitionData.hTable._closed_494 : []
AUDIT QIT.TransitionData.hTable._closed_495 : []
AUDIT QIT.TransitionData.hTable._closed_496 : []
AUDIT QIT.TransitionData.hTable._closed_497 : []
AUDIT QIT.TransitionData.hTable._closed_498 : []
AUDIT QIT.TransitionData.hTable._closed_499 : []
AUDIT QIT.TransitionData.hTable._closed_5 : []
AUDIT QIT.TransitionData.hTable._closed_50 : []
AUDIT QIT.TransitionData.hTable._closed_500 : []
AUDIT QIT.TransitionData.hTable._closed_501 : []
AUDIT QIT.TransitionData.hTable._closed_502 : []
AUDIT QIT.TransitionData.hTable._closed_503 : []
AUDIT QIT.TransitionData.hTable._closed_504 : []
AUDIT QIT.TransitionData.hTable._closed_505 : []
AUDIT QIT.TransitionData.hTable._closed_506 : []
AUDIT QIT.TransitionData.hTable._closed_507 : []
AUDIT QIT.TransitionData.hTable._closed_508 : []
AUDIT QIT.TransitionData.hTable._closed_509 : []
AUDIT QIT.TransitionData.hTable._closed_51 : []
AUDIT QIT.TransitionData.hTable._closed_510 : []
AUDIT QIT.TransitionData.hTable._closed_511 : []
AUDIT QIT.TransitionData.hTable._closed_512 : []
AUDIT QIT.TransitionData.hTable._closed_513 : []
AUDIT QIT.TransitionData.hTable._closed_514 : []
AUDIT QIT.TransitionData.hTable._closed_515 : []
AUDIT QIT.TransitionData.hTable._closed_516 : []
AUDIT QIT.TransitionData.hTable._closed_517 : []
AUDIT QIT.TransitionData.hTable._closed_518 : []
AUDIT QIT.TransitionData.hTable._closed_519 : []
AUDIT QIT.TransitionData.hTable._closed_52 : []
AUDIT QIT.TransitionData.hTable._closed_520 : []
AUDIT QIT.TransitionData.hTable._closed_521 : []
AUDIT QIT.TransitionData.hTable._closed_522 : []
AUDIT QIT.TransitionData.hTable._closed_523 : []
AUDIT QIT.TransitionData.hTable._closed_524 : []
AUDIT QIT.TransitionData.hTable._closed_525 : []
AUDIT QIT.TransitionData.hTable._closed_526 : []
AUDIT QIT.TransitionData.hTable._closed_527 : []
AUDIT QIT.TransitionData.hTable._closed_528 : []
AUDIT QIT.TransitionData.hTable._closed_529 : []
AUDIT QIT.TransitionData.hTable._closed_53 : []
AUDIT QIT.TransitionData.hTable._closed_530 : []
AUDIT QIT.TransitionData.hTable._closed_531 : []
AUDIT QIT.TransitionData.hTable._closed_532 : []
AUDIT QIT.TransitionData.hTable._closed_533 : []
AUDIT QIT.TransitionData.hTable._closed_534 : []
AUDIT QIT.TransitionData.hTable._closed_535 : []
AUDIT QIT.TransitionData.hTable._closed_536 : []
AUDIT QIT.TransitionData.hTable._closed_537 : []
AUDIT QIT.TransitionData.hTable._closed_538 : []
AUDIT QIT.TransitionData.hTable._closed_539 : []
AUDIT QIT.TransitionData.hTable._closed_54 : []
AUDIT QIT.TransitionData.hTable._closed_540 : []
AUDIT QIT.TransitionData.hTable._closed_541 : []
AUDIT QIT.TransitionData.hTable._closed_542 : []
AUDIT QIT.TransitionData.hTable._closed_543 : []
AUDIT QIT.TransitionData.hTable._closed_544 : []
AUDIT QIT.TransitionData.hTable._closed_545 : []
AUDIT QIT.TransitionData.hTable._closed_546 : []
AUDIT QIT.TransitionData.hTable._closed_547 : []
AUDIT QIT.TransitionData.hTable._closed_548 : []
AUDIT QIT.TransitionData.hTable._closed_549 : []
AUDIT QIT.TransitionData.hTable._closed_55 : []
AUDIT QIT.TransitionData.hTable._closed_550 : []
AUDIT QIT.TransitionData.hTable._closed_551 : []
AUDIT QIT.TransitionData.hTable._closed_552 : []
AUDIT QIT.TransitionData.hTable._closed_553 : []
AUDIT QIT.TransitionData.hTable._closed_554 : []
AUDIT QIT.TransitionData.hTable._closed_555 : []
AUDIT QIT.TransitionData.hTable._closed_556 : []
AUDIT QIT.TransitionData.hTable._closed_557 : []
AUDIT QIT.TransitionData.hTable._closed_558 : []
AUDIT QIT.TransitionData.hTable._closed_559 : []
AUDIT QIT.TransitionData.hTable._closed_56 : []
AUDIT QIT.TransitionData.hTable._closed_560 : []
AUDIT QIT.TransitionData.hTable._closed_561 : []
AUDIT QIT.TransitionData.hTable._closed_562 : []
AUDIT QIT.TransitionData.hTable._closed_563 : []
AUDIT QIT.TransitionData.hTable._closed_564 : []
AUDIT QIT.TransitionData.hTable._closed_565 : []
AUDIT QIT.TransitionData.hTable._closed_566 : []
AUDIT QIT.TransitionData.hTable._closed_567 : []
AUDIT QIT.TransitionData.hTable._closed_568 : []
AUDIT QIT.TransitionData.hTable._closed_569 : []
AUDIT QIT.TransitionData.hTable._closed_57 : []
AUDIT QIT.TransitionData.hTable._closed_570 : []
AUDIT QIT.TransitionData.hTable._closed_571 : []
AUDIT QIT.TransitionData.hTable._closed_572 : []
AUDIT QIT.TransitionData.hTable._closed_573 : []
AUDIT QIT.TransitionData.hTable._closed_574 : []
AUDIT QIT.TransitionData.hTable._closed_575 : []
AUDIT QIT.TransitionData.hTable._closed_576 : []
AUDIT QIT.TransitionData.hTable._closed_577 : []
AUDIT QIT.TransitionData.hTable._closed_578 : []
AUDIT QIT.TransitionData.hTable._closed_579 : []
AUDIT QIT.TransitionData.hTable._closed_58 : []
AUDIT QIT.TransitionData.hTable._closed_580 : []
AUDIT QIT.TransitionData.hTable._closed_581 : []
AUDIT QIT.TransitionData.hTable._closed_582 : []
AUDIT QIT.TransitionData.hTable._closed_583 : []
AUDIT QIT.TransitionData.hTable._closed_584 : []
AUDIT QIT.TransitionData.hTable._closed_585 : []
AUDIT QIT.TransitionData.hTable._closed_586 : []
AUDIT QIT.TransitionData.hTable._closed_587 : []
AUDIT QIT.TransitionData.hTable._closed_588 : []
AUDIT QIT.TransitionData.hTable._closed_589 : []
AUDIT QIT.TransitionData.hTable._closed_59 : []
AUDIT QIT.TransitionData.hTable._closed_590 : []
AUDIT QIT.TransitionData.hTable._closed_591 : []
AUDIT QIT.TransitionData.hTable._closed_592 : []
AUDIT QIT.TransitionData.hTable._closed_593 : []
AUDIT QIT.TransitionData.hTable._closed_594 : []
AUDIT QIT.TransitionData.hTable._closed_595 : []
AUDIT QIT.TransitionData.hTable._closed_596 : []
AUDIT QIT.TransitionData.hTable._closed_597 : []
AUDIT QIT.TransitionData.hTable._closed_598 : []
AUDIT QIT.TransitionData.hTable._closed_599 : []
AUDIT QIT.TransitionData.hTable._closed_6 : []
AUDIT QIT.TransitionData.hTable._closed_60 : []
AUDIT QIT.TransitionData.hTable._closed_600 : []
AUDIT QIT.TransitionData.hTable._closed_601 : []
AUDIT QIT.TransitionData.hTable._closed_602 : []
AUDIT QIT.TransitionData.hTable._closed_603 : []
AUDIT QIT.TransitionData.hTable._closed_604 : []
AUDIT QIT.TransitionData.hTable._closed_605 : []
AUDIT QIT.TransitionData.hTable._closed_606 : []
AUDIT QIT.TransitionData.hTable._closed_607 : []
AUDIT QIT.TransitionData.hTable._closed_608 : []
AUDIT QIT.TransitionData.hTable._closed_609 : []
AUDIT QIT.TransitionData.hTable._closed_61 : []
AUDIT QIT.TransitionData.hTable._closed_610 : []
AUDIT QIT.TransitionData.hTable._closed_611 : []
AUDIT QIT.TransitionData.hTable._closed_612 : []
AUDIT QIT.TransitionData.hTable._closed_613 : []
AUDIT QIT.TransitionData.hTable._closed_614 : []
AUDIT QIT.TransitionData.hTable._closed_615 : []
AUDIT QIT.TransitionData.hTable._closed_616 : []
AUDIT QIT.TransitionData.hTable._closed_617 : []
AUDIT QIT.TransitionData.hTable._closed_618 : []
AUDIT QIT.TransitionData.hTable._closed_619 : []
AUDIT QIT.TransitionData.hTable._closed_62 : []
AUDIT QIT.TransitionData.hTable._closed_620 : []
AUDIT QIT.TransitionData.hTable._closed_621 : []
AUDIT QIT.TransitionData.hTable._closed_622 : []
AUDIT QIT.TransitionData.hTable._closed_623 : []
AUDIT QIT.TransitionData.hTable._closed_624 : []
AUDIT QIT.TransitionData.hTable._closed_625 : []
AUDIT QIT.TransitionData.hTable._closed_626 : []
AUDIT QIT.TransitionData.hTable._closed_627 : []
AUDIT QIT.TransitionData.hTable._closed_628 : []
AUDIT QIT.TransitionData.hTable._closed_629 : []
AUDIT QIT.TransitionData.hTable._closed_63 : []
AUDIT QIT.TransitionData.hTable._closed_630 : []
AUDIT QIT.TransitionData.hTable._closed_631 : []
AUDIT QIT.TransitionData.hTable._closed_632 : []
AUDIT QIT.TransitionData.hTable._closed_633 : []
AUDIT QIT.TransitionData.hTable._closed_634 : []
AUDIT QIT.TransitionData.hTable._closed_635 : []
AUDIT QIT.TransitionData.hTable._closed_636 : []
AUDIT QIT.TransitionData.hTable._closed_637 : []
AUDIT QIT.TransitionData.hTable._closed_638 : []
AUDIT QIT.TransitionData.hTable._closed_639 : []
AUDIT QIT.TransitionData.hTable._closed_64 : []
AUDIT QIT.TransitionData.hTable._closed_640 : []
AUDIT QIT.TransitionData.hTable._closed_641 : []
AUDIT QIT.TransitionData.hTable._closed_642 : []
AUDIT QIT.TransitionData.hTable._closed_643 : []
AUDIT QIT.TransitionData.hTable._closed_644 : []
AUDIT QIT.TransitionData.hTable._closed_645 : []
AUDIT QIT.TransitionData.hTable._closed_646 : []
AUDIT QIT.TransitionData.hTable._closed_647 : []
AUDIT QIT.TransitionData.hTable._closed_648 : []
AUDIT QIT.TransitionData.hTable._closed_649 : []
AUDIT QIT.TransitionData.hTable._closed_65 : []
AUDIT QIT.TransitionData.hTable._closed_650 : []
AUDIT QIT.TransitionData.hTable._closed_651 : []
AUDIT QIT.TransitionData.hTable._closed_652 : []
AUDIT QIT.TransitionData.hTable._closed_653 : []
AUDIT QIT.TransitionData.hTable._closed_654 : []
AUDIT QIT.TransitionData.hTable._closed_655 : []
AUDIT QIT.TransitionData.hTable._closed_656 : []
AUDIT QIT.TransitionData.hTable._closed_657 : []
AUDIT QIT.TransitionData.hTable._closed_658 : []
AUDIT QIT.TransitionData.hTable._closed_659 : []
AUDIT QIT.TransitionData.hTable._closed_66 : []
AUDIT QIT.TransitionData.hTable._closed_660 : []
AUDIT QIT.TransitionData.hTable._closed_661 : []
AUDIT QIT.TransitionData.hTable._closed_662 : []
AUDIT QIT.TransitionData.hTable._closed_663 : []
AUDIT QIT.TransitionData.hTable._closed_664 : []
AUDIT QIT.TransitionData.hTable._closed_665 : []
AUDIT QIT.TransitionData.hTable._closed_666 : []
AUDIT QIT.TransitionData.hTable._closed_667 : []
AUDIT QIT.TransitionData.hTable._closed_668 : []
AUDIT QIT.TransitionData.hTable._closed_669 : []
AUDIT QIT.TransitionData.hTable._closed_67 : []
AUDIT QIT.TransitionData.hTable._closed_670 : []
AUDIT QIT.TransitionData.hTable._closed_671 : []
AUDIT QIT.TransitionData.hTable._closed_672 : []
AUDIT QIT.TransitionData.hTable._closed_673 : []
AUDIT QIT.TransitionData.hTable._closed_674 : []
AUDIT QIT.TransitionData.hTable._closed_675 : []
AUDIT QIT.TransitionData.hTable._closed_676 : []
AUDIT QIT.TransitionData.hTable._closed_677 : []
AUDIT QIT.TransitionData.hTable._closed_678 : []
AUDIT QIT.TransitionData.hTable._closed_679 : []
AUDIT QIT.TransitionData.hTable._closed_68 : []
AUDIT QIT.TransitionData.hTable._closed_680 : []
AUDIT QIT.TransitionData.hTable._closed_681 : []
AUDIT QIT.TransitionData.hTable._closed_682 : []
AUDIT QIT.TransitionData.hTable._closed_683 : []
AUDIT QIT.TransitionData.hTable._closed_684 : []
AUDIT QIT.TransitionData.hTable._closed_685 : []
AUDIT QIT.TransitionData.hTable._closed_686 : []
AUDIT QIT.TransitionData.hTable._closed_687 : []
AUDIT QIT.TransitionData.hTable._closed_688 : []
AUDIT QIT.TransitionData.hTable._closed_689 : []
AUDIT QIT.TransitionData.hTable._closed_69 : []
AUDIT QIT.TransitionData.hTable._closed_690 : []
AUDIT QIT.TransitionData.hTable._closed_691 : []
AUDIT QIT.TransitionData.hTable._closed_692 : []
AUDIT QIT.TransitionData.hTable._closed_693 : []
AUDIT QIT.TransitionData.hTable._closed_694 : []
AUDIT QIT.TransitionData.hTable._closed_695 : []
AUDIT QIT.TransitionData.hTable._closed_696 : []
AUDIT QIT.TransitionData.hTable._closed_697 : []
AUDIT QIT.TransitionData.hTable._closed_698 : []
AUDIT QIT.TransitionData.hTable._closed_699 : []
AUDIT QIT.TransitionData.hTable._closed_7 : []
AUDIT QIT.TransitionData.hTable._closed_70 : []
AUDIT QIT.TransitionData.hTable._closed_700 : []
AUDIT QIT.TransitionData.hTable._closed_701 : []
AUDIT QIT.TransitionData.hTable._closed_702 : []
AUDIT QIT.TransitionData.hTable._closed_703 : []
AUDIT QIT.TransitionData.hTable._closed_704 : []
AUDIT QIT.TransitionData.hTable._closed_705 : []
AUDIT QIT.TransitionData.hTable._closed_706 : []
AUDIT QIT.TransitionData.hTable._closed_707 : []
AUDIT QIT.TransitionData.hTable._closed_708 : []
AUDIT QIT.TransitionData.hTable._closed_709 : []
AUDIT QIT.TransitionData.hTable._closed_71 : []
AUDIT QIT.TransitionData.hTable._closed_710 : []
AUDIT QIT.TransitionData.hTable._closed_711 : []
AUDIT QIT.TransitionData.hTable._closed_712 : []
AUDIT QIT.TransitionData.hTable._closed_713 : []
AUDIT QIT.TransitionData.hTable._closed_714 : []
AUDIT QIT.TransitionData.hTable._closed_715 : []
AUDIT QIT.TransitionData.hTable._closed_716 : []
AUDIT QIT.TransitionData.hTable._closed_717 : []
AUDIT QIT.TransitionData.hTable._closed_718 : []
AUDIT QIT.TransitionData.hTable._closed_719 : []
AUDIT QIT.TransitionData.hTable._closed_72 : []
AUDIT QIT.TransitionData.hTable._closed_720 : []
AUDIT QIT.TransitionData.hTable._closed_721 : []
AUDIT QIT.TransitionData.hTable._closed_722 : []
AUDIT QIT.TransitionData.hTable._closed_723 : []
AUDIT QIT.TransitionData.hTable._closed_724 : []
AUDIT QIT.TransitionData.hTable._closed_725 : []
AUDIT QIT.TransitionData.hTable._closed_726 : []
AUDIT QIT.TransitionData.hTable._closed_727 : []
AUDIT QIT.TransitionData.hTable._closed_728 : []
AUDIT QIT.TransitionData.hTable._closed_729 : []
AUDIT QIT.TransitionData.hTable._closed_73 : []
AUDIT QIT.TransitionData.hTable._closed_730 : []
AUDIT QIT.TransitionData.hTable._closed_731 : []
AUDIT QIT.TransitionData.hTable._closed_732 : []
AUDIT QIT.TransitionData.hTable._closed_733 : []
AUDIT QIT.TransitionData.hTable._closed_734 : []
AUDIT QIT.TransitionData.hTable._closed_735 : []
AUDIT QIT.TransitionData.hTable._closed_736 : []
AUDIT QIT.TransitionData.hTable._closed_737 : []
AUDIT QIT.TransitionData.hTable._closed_738 : []
AUDIT QIT.TransitionData.hTable._closed_739 : []
AUDIT QIT.TransitionData.hTable._closed_74 : []
AUDIT QIT.TransitionData.hTable._closed_740 : []
AUDIT QIT.TransitionData.hTable._closed_741 : []
AUDIT QIT.TransitionData.hTable._closed_742 : []
AUDIT QIT.TransitionData.hTable._closed_743 : []
AUDIT QIT.TransitionData.hTable._closed_744 : []
AUDIT QIT.TransitionData.hTable._closed_745 : []
AUDIT QIT.TransitionData.hTable._closed_746 : []
AUDIT QIT.TransitionData.hTable._closed_747 : []
AUDIT QIT.TransitionData.hTable._closed_748 : []
AUDIT QIT.TransitionData.hTable._closed_749 : []
AUDIT QIT.TransitionData.hTable._closed_75 : []
AUDIT QIT.TransitionData.hTable._closed_750 : []
AUDIT QIT.TransitionData.hTable._closed_751 : []
AUDIT QIT.TransitionData.hTable._closed_752 : []
AUDIT QIT.TransitionData.hTable._closed_753 : []
AUDIT QIT.TransitionData.hTable._closed_754 : []
AUDIT QIT.TransitionData.hTable._closed_755 : []
AUDIT QIT.TransitionData.hTable._closed_756 : []
AUDIT QIT.TransitionData.hTable._closed_757 : []
AUDIT QIT.TransitionData.hTable._closed_758 : []
AUDIT QIT.TransitionData.hTable._closed_759 : []
AUDIT QIT.TransitionData.hTable._closed_76 : []
AUDIT QIT.TransitionData.hTable._closed_760 : []
AUDIT QIT.TransitionData.hTable._closed_761 : []
AUDIT QIT.TransitionData.hTable._closed_762 : []
AUDIT QIT.TransitionData.hTable._closed_763 : []
AUDIT QIT.TransitionData.hTable._closed_764 : []
AUDIT QIT.TransitionData.hTable._closed_765 : []
AUDIT QIT.TransitionData.hTable._closed_766 : []
AUDIT QIT.TransitionData.hTable._closed_767 : []
AUDIT QIT.TransitionData.hTable._closed_768 : []
AUDIT QIT.TransitionData.hTable._closed_769 : []
AUDIT QIT.TransitionData.hTable._closed_77 : []
AUDIT QIT.TransitionData.hTable._closed_770 : []
AUDIT QIT.TransitionData.hTable._closed_771 : []
AUDIT QIT.TransitionData.hTable._closed_772 : []
AUDIT QIT.TransitionData.hTable._closed_773 : []
AUDIT QIT.TransitionData.hTable._closed_774 : []
AUDIT QIT.TransitionData.hTable._closed_775 : []
AUDIT QIT.TransitionData.hTable._closed_776 : []
AUDIT QIT.TransitionData.hTable._closed_777 : []
AUDIT QIT.TransitionData.hTable._closed_778 : []
AUDIT QIT.TransitionData.hTable._closed_779 : []
AUDIT QIT.TransitionData.hTable._closed_78 : []
AUDIT QIT.TransitionData.hTable._closed_780 : []
AUDIT QIT.TransitionData.hTable._closed_781 : []
AUDIT QIT.TransitionData.hTable._closed_782 : []
AUDIT QIT.TransitionData.hTable._closed_783 : []
AUDIT QIT.TransitionData.hTable._closed_784 : []
AUDIT QIT.TransitionData.hTable._closed_785 : []
AUDIT QIT.TransitionData.hTable._closed_786 : []
AUDIT QIT.TransitionData.hTable._closed_787 : []
AUDIT QIT.TransitionData.hTable._closed_788 : []
AUDIT QIT.TransitionData.hTable._closed_789 : []
AUDIT QIT.TransitionData.hTable._closed_79 : []
AUDIT QIT.TransitionData.hTable._closed_790 : []
AUDIT QIT.TransitionData.hTable._closed_791 : []
AUDIT QIT.TransitionData.hTable._closed_792 : []
AUDIT QIT.TransitionData.hTable._closed_793 : []
AUDIT QIT.TransitionData.hTable._closed_794 : []
AUDIT QIT.TransitionData.hTable._closed_795 : []
AUDIT QIT.TransitionData.hTable._closed_796 : []
AUDIT QIT.TransitionData.hTable._closed_797 : []
AUDIT QIT.TransitionData.hTable._closed_798 : []
AUDIT QIT.TransitionData.hTable._closed_799 : []
AUDIT QIT.TransitionData.hTable._closed_8 : []
AUDIT QIT.TransitionData.hTable._closed_80 : []
AUDIT QIT.TransitionData.hTable._closed_800 : []
AUDIT QIT.TransitionData.hTable._closed_801 : []
AUDIT QIT.TransitionData.hTable._closed_802 : []
AUDIT QIT.TransitionData.hTable._closed_803 : []
AUDIT QIT.TransitionData.hTable._closed_804 : []
AUDIT QIT.TransitionData.hTable._closed_805 : []
AUDIT QIT.TransitionData.hTable._closed_806 : []
AUDIT QIT.TransitionData.hTable._closed_807 : []
AUDIT QIT.TransitionData.hTable._closed_808 : []
AUDIT QIT.TransitionData.hTable._closed_809 : []
AUDIT QIT.TransitionData.hTable._closed_81 : []
AUDIT QIT.TransitionData.hTable._closed_810 : []
AUDIT QIT.TransitionData.hTable._closed_811 : []
AUDIT QIT.TransitionData.hTable._closed_812 : []
AUDIT QIT.TransitionData.hTable._closed_813 : []
AUDIT QIT.TransitionData.hTable._closed_82 : []
AUDIT QIT.TransitionData.hTable._closed_83 : []
AUDIT QIT.TransitionData.hTable._closed_84 : []
AUDIT QIT.TransitionData.hTable._closed_85 : []
AUDIT QIT.TransitionData.hTable._closed_86 : []
AUDIT QIT.TransitionData.hTable._closed_87 : []
AUDIT QIT.TransitionData.hTable._closed_88 : []
AUDIT QIT.TransitionData.hTable._closed_89 : []
AUDIT QIT.TransitionData.hTable._closed_9 : []
AUDIT QIT.TransitionData.hTable._closed_90 : []
AUDIT QIT.TransitionData.hTable._closed_91 : []
AUDIT QIT.TransitionData.hTable._closed_92 : []
AUDIT QIT.TransitionData.hTable._closed_93 : []
AUDIT QIT.TransitionData.hTable._closed_94 : []
AUDIT QIT.TransitionData.hTable._closed_95 : []
AUDIT QIT.TransitionData.hTable._closed_96 : []
AUDIT QIT.TransitionData.hTable._closed_97 : []
AUDIT QIT.TransitionData.hTable._closed_98 : []
AUDIT QIT.TransitionData.hTable._closed_99 : []
AUDIT QIT.TransitionData.weights._boxed : []
AUDIT QIT.TransitionData.weights._closed_0 : []
AUDIT QIT.TransitionData.weights._closed_1 : []
AUDIT QIT.TransitionData.weights._closed_10 : []
AUDIT QIT.TransitionData.weights._closed_11 : []
AUDIT QIT.TransitionData.weights._closed_12 : []
AUDIT QIT.TransitionData.weights._closed_13 : []
AUDIT QIT.TransitionData.weights._closed_14 : []
AUDIT QIT.TransitionData.weights._closed_15 : []
AUDIT QIT.TransitionData.weights._closed_16 : []
AUDIT QIT.TransitionData.weights._closed_2 : []
AUDIT QIT.TransitionData.weights._closed_3 : []
AUDIT QIT.TransitionData.weights._closed_4 : []
AUDIT QIT.TransitionData.weights._closed_5 : []
AUDIT QIT.TransitionData.weights._closed_6 : []
AUDIT QIT.TransitionData.weights._closed_7 : []
AUDIT QIT.TransitionData.weights._closed_8 : []
AUDIT QIT.TransitionData.weights._closed_9 : []
AUDIT QIT.TransitionData.weights.eq_1 : [propext, Classical.choice, Quot.sound]
AUDIT QIT.TransitionEncodingData.blockTable._boxed : []
AUDIT QIT.TransitionEncodingData.blockTable._closed_0 : []
AUDIT QIT.TransitionEncodingData.blockTable._closed_1 : []
AUDIT QIT.TransitionEncodingData.blockTable._closed_10 : []
AUDIT QIT.TransitionEncodingData.blockTable._closed_11 : []
AUDIT QIT.TransitionEncodingData.blockTable._closed_12 : []
AUDIT QIT.TransitionEncodingData.blockTable._closed_13 : []
AUDIT QIT.TransitionEncodingData.blockTable._closed_14 : []
AUDIT QIT.TransitionEncodingData.blockTable._closed_15 : []
AUDIT QIT.TransitionEncodingData.blockTable._closed_16 : []
AUDIT QIT.TransitionEncodingData.blockTable._closed_17 : []
AUDIT QIT.TransitionEncodingData.blockTable._closed_18 : []
AUDIT QIT.TransitionEncodingData.blockTable._closed_19 : []
AUDIT QIT.TransitionEncodingData.blockTable._closed_2 : []
AUDIT QIT.TransitionEncodingData.blockTable._closed_20 : []
AUDIT QIT.TransitionEncodingData.blockTable._closed_21 : []
AUDIT QIT.TransitionEncodingData.blockTable._closed_22 : []
AUDIT QIT.TransitionEncodingData.blockTable._closed_23 : []
AUDIT QIT.TransitionEncodingData.blockTable._closed_24 : []
AUDIT QIT.TransitionEncodingData.blockTable._closed_25 : []
AUDIT QIT.TransitionEncodingData.blockTable._closed_26 : []
AUDIT QIT.TransitionEncodingData.blockTable._closed_27 : []
AUDIT QIT.TransitionEncodingData.blockTable._closed_28 : []
AUDIT QIT.TransitionEncodingData.blockTable._closed_29 : []
AUDIT QIT.TransitionEncodingData.blockTable._closed_3 : []
AUDIT QIT.TransitionEncodingData.blockTable._closed_30 : []
AUDIT QIT.TransitionEncodingData.blockTable._closed_31 : []
AUDIT QIT.TransitionEncodingData.blockTable._closed_32 : []
AUDIT QIT.TransitionEncodingData.blockTable._closed_33 : []
AUDIT QIT.TransitionEncodingData.blockTable._closed_34 : []
AUDIT QIT.TransitionEncodingData.blockTable._closed_35 : []
AUDIT QIT.TransitionEncodingData.blockTable._closed_36 : []
AUDIT QIT.TransitionEncodingData.blockTable._closed_37 : []
AUDIT QIT.TransitionEncodingData.blockTable._closed_38 : []
AUDIT QIT.TransitionEncodingData.blockTable._closed_39 : []
AUDIT QIT.TransitionEncodingData.blockTable._closed_4 : []
AUDIT QIT.TransitionEncodingData.blockTable._closed_40 : []
AUDIT QIT.TransitionEncodingData.blockTable._closed_41 : []
AUDIT QIT.TransitionEncodingData.blockTable._closed_42 : []
AUDIT QIT.TransitionEncodingData.blockTable._closed_43 : []
AUDIT QIT.TransitionEncodingData.blockTable._closed_44 : []
AUDIT QIT.TransitionEncodingData.blockTable._closed_45 : []
AUDIT QIT.TransitionEncodingData.blockTable._closed_46 : []
AUDIT QIT.TransitionEncodingData.blockTable._closed_47 : []
AUDIT QIT.TransitionEncodingData.blockTable._closed_48 : []
AUDIT QIT.TransitionEncodingData.blockTable._closed_49 : []
AUDIT QIT.TransitionEncodingData.blockTable._closed_5 : []
AUDIT QIT.TransitionEncodingData.blockTable._closed_50 : []
AUDIT QIT.TransitionEncodingData.blockTable._closed_51 : []
AUDIT QIT.TransitionEncodingData.blockTable._closed_52 : []
AUDIT QIT.TransitionEncodingData.blockTable._closed_53 : []
AUDIT QIT.TransitionEncodingData.blockTable._closed_54 : []
AUDIT QIT.TransitionEncodingData.blockTable._closed_55 : []
AUDIT QIT.TransitionEncodingData.blockTable._closed_56 : []
AUDIT QIT.TransitionEncodingData.blockTable._closed_57 : []
AUDIT QIT.TransitionEncodingData.blockTable._closed_58 : []
AUDIT QIT.TransitionEncodingData.blockTable._closed_59 : []
AUDIT QIT.TransitionEncodingData.blockTable._closed_6 : []
AUDIT QIT.TransitionEncodingData.blockTable._closed_60 : []
AUDIT QIT.TransitionEncodingData.blockTable._closed_61 : []
AUDIT QIT.TransitionEncodingData.blockTable._closed_62 : []
AUDIT QIT.TransitionEncodingData.blockTable._closed_63 : []
AUDIT QIT.TransitionEncodingData.blockTable._closed_64 : []
AUDIT QIT.TransitionEncodingData.blockTable._closed_65 : []
AUDIT QIT.TransitionEncodingData.blockTable._closed_66 : []
AUDIT QIT.TransitionEncodingData.blockTable._closed_67 : []
AUDIT QIT.TransitionEncodingData.blockTable._closed_68 : []
AUDIT QIT.TransitionEncodingData.blockTable._closed_69 : []
AUDIT QIT.TransitionEncodingData.blockTable._closed_7 : []
AUDIT QIT.TransitionEncodingData.blockTable._closed_70 : []
AUDIT QIT.TransitionEncodingData.blockTable._closed_71 : []
AUDIT QIT.TransitionEncodingData.blockTable._closed_72 : []
AUDIT QIT.TransitionEncodingData.blockTable._closed_73 : []
AUDIT QIT.TransitionEncodingData.blockTable._closed_74 : []
AUDIT QIT.TransitionEncodingData.blockTable._closed_75 : []
AUDIT QIT.TransitionEncodingData.blockTable._closed_76 : []
AUDIT QIT.TransitionEncodingData.blockTable._closed_77 : []
AUDIT QIT.TransitionEncodingData.blockTable._closed_78 : []
AUDIT QIT.TransitionEncodingData.blockTable._closed_79 : []
AUDIT QIT.TransitionEncodingData.blockTable._closed_8 : []
AUDIT QIT.TransitionEncodingData.blockTable._closed_80 : []
AUDIT QIT.TransitionEncodingData.blockTable._closed_81 : []
AUDIT QIT.TransitionEncodingData.blockTable._closed_9 : []
AUDIT QIT.TransitionEncodingData.bob._boxed : []
AUDIT QIT.TransitionEncodingData.bob._closed_0 : []
AUDIT QIT.TransitionEncodingData.bob._lam_0 : []
AUDIT QIT.TransitionEncodingData.bob._lam_1 : []
AUDIT QIT.TransitionEncodingData.bob._lam_2 : []
AUDIT QIT.TransitionEncodingData.bob.eq_1 : [propext, Classical.choice, Quot.sound]
AUDIT QIT.TransitionEncodingData.env._boxed : []
AUDIT QIT.TransitionEncodingData.env._lam_0 : []
AUDIT QIT.TransitionEncodingData.env._lam_1 : []
AUDIT QIT.TransitionEncodingData.env._lam_2 : []
AUDIT QIT.TransitionEncodingData.env.eq_1 : [propext, Classical.choice, Quot.sound]
AUDIT QIT.TransitionEncodingData.envFlat._boxed : []
AUDIT QIT.TransitionEncodingData.envFlat._proof_2 : [propext, Quot.sound]
AUDIT QIT.TransitionEncodingData.epsilonDiag._boxed : []
AUDIT QIT.TransitionEncodingData.epsilonDiag._closed_0 : []
AUDIT QIT.TransitionEncodingData.epsilonDiag._closed_1 : []
AUDIT QIT.TransitionEncodingData.epsilonDiag._closed_10 : []
AUDIT QIT.TransitionEncodingData.epsilonDiag._closed_11 : []
AUDIT QIT.TransitionEncodingData.epsilonDiag._closed_12 : []
AUDIT QIT.TransitionEncodingData.epsilonDiag._closed_13 : []
AUDIT QIT.TransitionEncodingData.epsilonDiag._closed_2 : []
AUDIT QIT.TransitionEncodingData.epsilonDiag._closed_3 : []
AUDIT QIT.TransitionEncodingData.epsilonDiag._closed_4 : []
AUDIT QIT.TransitionEncodingData.epsilonDiag._closed_5 : []
AUDIT QIT.TransitionEncodingData.epsilonDiag._closed_6 : []
AUDIT QIT.TransitionEncodingData.epsilonDiag._closed_7 : []
AUDIT QIT.TransitionEncodingData.epsilonDiag._closed_8 : []
AUDIT QIT.TransitionEncodingData.epsilonDiag._closed_9 : []
AUDIT QIT.TransitionEncodingData.inputFlat._boxed : []
AUDIT QIT.TransitionEncodingData.inputFlat._proof_2 : [propext, Quot.sound]
AUDIT QIT.TransitionEncodingData.orderGramTable._boxed : []
AUDIT QIT.TransitionEncodingData.orderGramTable._closed_0 : []
AUDIT QIT.TransitionEncodingData.orderGramTable._closed_1 : []
AUDIT QIT.TransitionEncodingData.orderGramTable._closed_10 : []
AUDIT QIT.TransitionEncodingData.orderGramTable._closed_11 : []
AUDIT QIT.TransitionEncodingData.orderGramTable._closed_12 : []
AUDIT QIT.TransitionEncodingData.orderGramTable._closed_13 : []
AUDIT QIT.TransitionEncodingData.orderGramTable._closed_14 : []
AUDIT QIT.TransitionEncodingData.orderGramTable._closed_15 : []
AUDIT QIT.TransitionEncodingData.orderGramTable._closed_16 : []
AUDIT QIT.TransitionEncodingData.orderGramTable._closed_17 : []
AUDIT QIT.TransitionEncodingData.orderGramTable._closed_18 : []
AUDIT QIT.TransitionEncodingData.orderGramTable._closed_19 : []
AUDIT QIT.TransitionEncodingData.orderGramTable._closed_2 : []
AUDIT QIT.TransitionEncodingData.orderGramTable._closed_20 : []
AUDIT QIT.TransitionEncodingData.orderGramTable._closed_21 : []
AUDIT QIT.TransitionEncodingData.orderGramTable._closed_22 : []
AUDIT QIT.TransitionEncodingData.orderGramTable._closed_23 : []
AUDIT QIT.TransitionEncodingData.orderGramTable._closed_24 : []
AUDIT QIT.TransitionEncodingData.orderGramTable._closed_25 : []
AUDIT QIT.TransitionEncodingData.orderGramTable._closed_26 : []
AUDIT QIT.TransitionEncodingData.orderGramTable._closed_27 : []
AUDIT QIT.TransitionEncodingData.orderGramTable._closed_3 : []
AUDIT QIT.TransitionEncodingData.orderGramTable._closed_4 : []
AUDIT QIT.TransitionEncodingData.orderGramTable._closed_5 : []
AUDIT QIT.TransitionEncodingData.orderGramTable._closed_6 : []
AUDIT QIT.TransitionEncodingData.orderGramTable._closed_7 : []
AUDIT QIT.TransitionEncodingData.orderGramTable._closed_8 : []
AUDIT QIT.TransitionEncodingData.orderGramTable._closed_9 : []
AUDIT QIT.TransitionEncodingData.orderWeights._boxed : []
AUDIT QIT.TransitionEncodingData.orderWeights._closed_0 : []
AUDIT QIT.TransitionEncodingData.orderWeights._closed_1 : []
AUDIT QIT.TransitionEncodingData.orderWeights._closed_10 : []
AUDIT QIT.TransitionEncodingData.orderWeights._closed_11 : []
AUDIT QIT.TransitionEncodingData.orderWeights._closed_2 : []
AUDIT QIT.TransitionEncodingData.orderWeights._closed_3 : []
AUDIT QIT.TransitionEncodingData.orderWeights._closed_4 : []
AUDIT QIT.TransitionEncodingData.orderWeights._closed_5 : []
AUDIT QIT.TransitionEncodingData.orderWeights._closed_6 : []
AUDIT QIT.TransitionEncodingData.orderWeights._closed_7 : []
AUDIT QIT.TransitionEncodingData.orderWeights._closed_8 : []
AUDIT QIT.TransitionEncodingData.orderWeights._closed_9 : []
AUDIT QIT.TransitionEncodingData.rho._boxed : []
AUDIT QIT.TransitionEncodingData.rho._closed_0 : []
AUDIT QIT.TransitionEncodingData.rho.eq_1 : [propext, Classical.choice, Quot.sound]
AUDIT QIT.TransitionEncodingData.supportTable._boxed : []
AUDIT QIT.TransitionEncodingData.supportTable._closed_0 : []
AUDIT QIT.TransitionEncodingData.supportTable._closed_1 : []
AUDIT QIT.TransitionEncodingData.supportTable._closed_10 : []
AUDIT QIT.TransitionEncodingData.supportTable._closed_11 : []
AUDIT QIT.TransitionEncodingData.supportTable._closed_12 : []
AUDIT QIT.TransitionEncodingData.supportTable._closed_13 : []
AUDIT QIT.TransitionEncodingData.supportTable._closed_14 : []
AUDIT QIT.TransitionEncodingData.supportTable._closed_15 : []
AUDIT QIT.TransitionEncodingData.supportTable._closed_16 : []
AUDIT QIT.TransitionEncodingData.supportTable._closed_17 : []
AUDIT QIT.TransitionEncodingData.supportTable._closed_18 : []
AUDIT QIT.TransitionEncodingData.supportTable._closed_19 : []
AUDIT QIT.TransitionEncodingData.supportTable._closed_2 : []
AUDIT QIT.TransitionEncodingData.supportTable._closed_20 : []
AUDIT QIT.TransitionEncodingData.supportTable._closed_21 : []
AUDIT QIT.TransitionEncodingData.supportTable._closed_22 : []
AUDIT QIT.TransitionEncodingData.supportTable._closed_23 : []
AUDIT QIT.TransitionEncodingData.supportTable._closed_24 : []
AUDIT QIT.TransitionEncodingData.supportTable._closed_25 : []
AUDIT QIT.TransitionEncodingData.supportTable._closed_26 : []
AUDIT QIT.TransitionEncodingData.supportTable._closed_27 : []
AUDIT QIT.TransitionEncodingData.supportTable._closed_28 : []
AUDIT QIT.TransitionEncodingData.supportTable._closed_29 : []
AUDIT QIT.TransitionEncodingData.supportTable._closed_3 : []
AUDIT QIT.TransitionEncodingData.supportTable._closed_30 : []
AUDIT QIT.TransitionEncodingData.supportTable._closed_31 : []
AUDIT QIT.TransitionEncodingData.supportTable._closed_32 : []
AUDIT QIT.TransitionEncodingData.supportTable._closed_33 : []
AUDIT QIT.TransitionEncodingData.supportTable._closed_34 : []
AUDIT QIT.TransitionEncodingData.supportTable._closed_35 : []
AUDIT QIT.TransitionEncodingData.supportTable._closed_36 : []
AUDIT QIT.TransitionEncodingData.supportTable._closed_37 : []
AUDIT QIT.TransitionEncodingData.supportTable._closed_38 : []
AUDIT QIT.TransitionEncodingData.supportTable._closed_39 : []
AUDIT QIT.TransitionEncodingData.supportTable._closed_4 : []
AUDIT QIT.TransitionEncodingData.supportTable._closed_40 : []
AUDIT QIT.TransitionEncodingData.supportTable._closed_41 : []
AUDIT QIT.TransitionEncodingData.supportTable._closed_42 : []
AUDIT QIT.TransitionEncodingData.supportTable._closed_43 : []
AUDIT QIT.TransitionEncodingData.supportTable._closed_44 : []
AUDIT QIT.TransitionEncodingData.supportTable._closed_45 : []
AUDIT QIT.TransitionEncodingData.supportTable._closed_46 : []
AUDIT QIT.TransitionEncodingData.supportTable._closed_47 : []
AUDIT QIT.TransitionEncodingData.supportTable._closed_48 : []
AUDIT QIT.TransitionEncodingData.supportTable._closed_49 : []
AUDIT QIT.TransitionEncodingData.supportTable._closed_5 : []
AUDIT QIT.TransitionEncodingData.supportTable._closed_50 : []
AUDIT QIT.TransitionEncodingData.supportTable._closed_51 : []
AUDIT QIT.TransitionEncodingData.supportTable._closed_52 : []
AUDIT QIT.TransitionEncodingData.supportTable._closed_53 : []
AUDIT QIT.TransitionEncodingData.supportTable._closed_54 : []
AUDIT QIT.TransitionEncodingData.supportTable._closed_55 : []
AUDIT QIT.TransitionEncodingData.supportTable._closed_56 : []
AUDIT QIT.TransitionEncodingData.supportTable._closed_57 : []
AUDIT QIT.TransitionEncodingData.supportTable._closed_58 : []
AUDIT QIT.TransitionEncodingData.supportTable._closed_59 : []
AUDIT QIT.TransitionEncodingData.supportTable._closed_6 : []
AUDIT QIT.TransitionEncodingData.supportTable._closed_60 : []
AUDIT QIT.TransitionEncodingData.supportTable._closed_61 : []
AUDIT QIT.TransitionEncodingData.supportTable._closed_62 : []
AUDIT QIT.TransitionEncodingData.supportTable._closed_63 : []
AUDIT QIT.TransitionEncodingData.supportTable._closed_64 : []
AUDIT QIT.TransitionEncodingData.supportTable._closed_65 : []
AUDIT QIT.TransitionEncodingData.supportTable._closed_66 : []
AUDIT QIT.TransitionEncodingData.supportTable._closed_67 : []
AUDIT QIT.TransitionEncodingData.supportTable._closed_68 : []
AUDIT QIT.TransitionEncodingData.supportTable._closed_69 : []
AUDIT QIT.TransitionEncodingData.supportTable._closed_7 : []
AUDIT QIT.TransitionEncodingData.supportTable._closed_70 : []
AUDIT QIT.TransitionEncodingData.supportTable._closed_71 : []
AUDIT QIT.TransitionEncodingData.supportTable._closed_72 : []
AUDIT QIT.TransitionEncodingData.supportTable._closed_8 : []
AUDIT QIT.TransitionEncodingData.supportTable._closed_9 : []
AUDIT QIT.TransitionEncodingData.supportTable._lam_1 : []
AUDIT QIT.TransitionEncodingData.supportTable._lam_32 : []
AUDIT QIT.TransitionEncodingData.v0._boxed : []
AUDIT QIT.TransitionEncodingData.v0._closed_0 : []
AUDIT QIT.TransitionEncodingData.v0._closed_1 : []
AUDIT QIT.TransitionEncodingData.v0._closed_10 : []
AUDIT QIT.TransitionEncodingData.v0._closed_2 : []
AUDIT QIT.TransitionEncodingData.v0._closed_3 : []
AUDIT QIT.TransitionEncodingData.v0._closed_4 : []
AUDIT QIT.TransitionEncodingData.v0._closed_5 : []
AUDIT QIT.TransitionEncodingData.v0._closed_6 : []
AUDIT QIT.TransitionEncodingData.v0._closed_7 : []
AUDIT QIT.TransitionEncodingData.v0._closed_8 : []
AUDIT QIT.TransitionEncodingData.v0._closed_9 : []
AUDIT QIT.TransitionEncodingData.v0._lam_0 : []
AUDIT QIT.TransitionEncodingData.v0._lam_1 : []
AUDIT QIT.TransitionEncodingData.v1._boxed : []
AUDIT QIT.TransitionEncodingData.v1._closed_0 : []
AUDIT QIT.TransitionEncodingData.v1._closed_1 : []
AUDIT QIT.TransitionEncodingData.v1._closed_2 : []
AUDIT QIT.TransitionEncodingData.v1._closed_3 : []
AUDIT QIT.TransitionEncodingData.v1._closed_4 : []
AUDIT QIT.TransitionEncodingData.v1._closed_5 : []
AUDIT QIT.TransitionEncodingData.v1._closed_6 : []
AUDIT QIT.TransitionEncodingData.vw._boxed : []
AUDIT QIT.TransitionEncodingData.vw._closed_0 : []
AUDIT QIT.TransitionEncodingData.vw._closed_1 : []
AUDIT QIT.TransitionEncodingData.vw._closed_2 : []
AUDIT QIT.TransitionEncodingData.vw._closed_3 : []
AUDIT QIT.TransitionEncodingData.vw._closed_4 : []
AUDIT QIT.TransitionEncodingData.vw._closed_5 : []
AUDIT QIT.TransitionPaperData.codeProjector._boxed : []
AUDIT QIT.TransitionPaperData.l._boxed : []
AUDIT QIT.TransitionPaperData.l._closed_0 : []
AUDIT QIT.TransitionPaperData.l._closed_1 : []
AUDIT QIT.TransitionPaperData.l._closed_2 : []
AUDIT QIT.TransitionPaperData.l._closed_3 : []
AUDIT QIT.TransitionPaperData.l._closed_4 : []
AUDIT QIT.TransitionPaperData.l._closed_5 : []
AUDIT QIT.TransitionPaperData.l._closed_6 : []
AUDIT QIT.TransitionPaperData.l._closed_7 : []
AUDIT QIT.TransitionPaperData.l._closed_8 : []
AUDIT QIT.TransitionPaperData.m._boxed : []
AUDIT QIT.TransitionPaperData.m._closed_0 : []
AUDIT QIT.TransitionPaperData.m._closed_1 : []
AUDIT QIT.TransitionPaperData.m._closed_10 : []
AUDIT QIT.TransitionPaperData.m._closed_11 : []
AUDIT QIT.TransitionPaperData.m._closed_12 : []
AUDIT QIT.TransitionPaperData.m._closed_13 : []
AUDIT QIT.TransitionPaperData.m._closed_14 : []
AUDIT QIT.TransitionPaperData.m._closed_15 : []
AUDIT QIT.TransitionPaperData.m._closed_2 : []
AUDIT QIT.TransitionPaperData.m._closed_3 : []
AUDIT QIT.TransitionPaperData.m._closed_4 : []
AUDIT QIT.TransitionPaperData.m._closed_5 : []
AUDIT QIT.TransitionPaperData.m._closed_6 : []
AUDIT QIT.TransitionPaperData.m._closed_7 : []
AUDIT QIT.TransitionPaperData.m._closed_8 : []
AUDIT QIT.TransitionPaperData.m._closed_9 : []
AUDIT QIT.TransitionPaperData.permutation._boxed : []
AUDIT QIT.TransitionPaperData.permutation._closed_0 : []
AUDIT QIT.TransitionPaperData.permutation._closed_1 : []
AUDIT QIT.TransitionPaperData.permutation._closed_10 : []
AUDIT QIT.TransitionPaperData.permutation._closed_11 : []
AUDIT QIT.TransitionPaperData.permutation._closed_12 : []
AUDIT QIT.TransitionPaperData.permutation._closed_13 : []
AUDIT QIT.TransitionPaperData.permutation._closed_14 : []
AUDIT QIT.TransitionPaperData.permutation._closed_15 : []
AUDIT QIT.TransitionPaperData.permutation._closed_2 : []
AUDIT QIT.TransitionPaperData.permutation._closed_3 : []
AUDIT QIT.TransitionPaperData.permutation._closed_4 : []
AUDIT QIT.TransitionPaperData.permutation._closed_5 : []
AUDIT QIT.TransitionPaperData.permutation._closed_6 : []
AUDIT QIT.TransitionPaperData.permutation._closed_7 : []
AUDIT QIT.TransitionPaperData.permutation._closed_8 : []
AUDIT QIT.TransitionPaperData.permutation._closed_9 : []
AUDIT QIT.TransitionPaperData.permutation._lam_0 : []
AUDIT QIT.TransitionPaperData.permutation._lam_1 : []
AUDIT QIT.TransitionPaperData.permutation._proof_1 : [propext]
AUDIT QIT.TransitionPaperData.pivots._boxed : []
AUDIT QIT.TransitionPaperData.pivots._closed_0 : []
AUDIT QIT.TransitionPaperData.pivots._closed_1 : []
AUDIT QIT.TransitionPaperData.pivots._closed_2 : []
AUDIT QIT.TransitionPaperData.pivots._closed_3 : []
AUDIT QIT.TransitionPaperData.pivots._closed_4 : []
AUDIT QIT.TransitionPaperData.q._closed_0 : []
AUDIT QIT.TransitionPaperData.q._closed_1 : []
AUDIT QIT.TransitionPaperData.q._closed_2 : []
AUDIT QIT.TransitionPaperData.q._closed_3 : []
AUDIT QIT.TransitionPaperData.q._closed_4 : []
AUDIT QIT.TransitionPaperData.q._closed_5 : []
AUDIT QIT.TransitionPaperData.q._closed_6 : []
AUDIT QIT.TransitionPaperData.q._lam_0 : []
AUDIT QIT.TransitionPaperData.q._lam_1 : []
AUDIT QIT.TransitionPaperData.q._proof_1 : [propext]
AUDIT QIT.TransitionPaperData.reflect._proof_2 : [propext, Quot.sound]
AUDIT QIT.TransitionPaperData.reflection._closed_0 : []
AUDIT QIT.TransitionPaperData.reflection._closed_1 : []
AUDIT QIT.TransitionPaperData.signs._boxed : []
AUDIT QIT.TransitionPaperData.signs._closed_0 : []
AUDIT QIT.TransitionPaperData.signs._closed_1 : []
AUDIT QIT.TransitionPaperData.signs._closed_2 : []
AUDIT QIT.TransitionPaperData.signs._closed_3 : []
AUDIT QIT.TransitionPaperData.signs._closed_4 : []
AUDIT QIT.TransitionPaperData.signs._closed_5 : []
AUDIT QIT.TransitionPaperData.vectors._boxed : []
AUDIT QIT.TransitionPaperData.vectors._closed_0 : []
AUDIT QIT.TransitionPaperData.vectors._closed_1 : []
AUDIT QIT.TransitionPaperData.vectors._closed_10 : []
AUDIT QIT.TransitionPaperData.vectors._closed_100 : []
AUDIT QIT.TransitionPaperData.vectors._closed_101 : []
AUDIT QIT.TransitionPaperData.vectors._closed_102 : []
AUDIT QIT.TransitionPaperData.vectors._closed_103 : []
AUDIT QIT.TransitionPaperData.vectors._closed_104 : []
AUDIT QIT.TransitionPaperData.vectors._closed_105 : []
AUDIT QIT.TransitionPaperData.vectors._closed_106 : []
AUDIT QIT.TransitionPaperData.vectors._closed_107 : []
AUDIT QIT.TransitionPaperData.vectors._closed_108 : []
AUDIT QIT.TransitionPaperData.vectors._closed_109 : []
AUDIT QIT.TransitionPaperData.vectors._closed_11 : []
AUDIT QIT.TransitionPaperData.vectors._closed_110 : []
AUDIT QIT.TransitionPaperData.vectors._closed_111 : []
AUDIT QIT.TransitionPaperData.vectors._closed_112 : []
AUDIT QIT.TransitionPaperData.vectors._closed_113 : []
AUDIT QIT.TransitionPaperData.vectors._closed_114 : []
AUDIT QIT.TransitionPaperData.vectors._closed_115 : []
AUDIT QIT.TransitionPaperData.vectors._closed_116 : []
AUDIT QIT.TransitionPaperData.vectors._closed_117 : []
AUDIT QIT.TransitionPaperData.vectors._closed_118 : []
AUDIT QIT.TransitionPaperData.vectors._closed_119 : []
AUDIT QIT.TransitionPaperData.vectors._closed_12 : []
AUDIT QIT.TransitionPaperData.vectors._closed_120 : []
AUDIT QIT.TransitionPaperData.vectors._closed_121 : []
AUDIT QIT.TransitionPaperData.vectors._closed_122 : []
AUDIT QIT.TransitionPaperData.vectors._closed_123 : []
AUDIT QIT.TransitionPaperData.vectors._closed_124 : []
AUDIT QIT.TransitionPaperData.vectors._closed_125 : []
AUDIT QIT.TransitionPaperData.vectors._closed_126 : []
AUDIT QIT.TransitionPaperData.vectors._closed_127 : []
AUDIT QIT.TransitionPaperData.vectors._closed_128 : []
AUDIT QIT.TransitionPaperData.vectors._closed_129 : []
AUDIT QIT.TransitionPaperData.vectors._closed_13 : []
AUDIT QIT.TransitionPaperData.vectors._closed_130 : []
AUDIT QIT.TransitionPaperData.vectors._closed_131 : []
AUDIT QIT.TransitionPaperData.vectors._closed_132 : []
AUDIT QIT.TransitionPaperData.vectors._closed_133 : []
AUDIT QIT.TransitionPaperData.vectors._closed_134 : []
AUDIT QIT.TransitionPaperData.vectors._closed_135 : []
AUDIT QIT.TransitionPaperData.vectors._closed_136 : []
AUDIT QIT.TransitionPaperData.vectors._closed_137 : []
AUDIT QIT.TransitionPaperData.vectors._closed_138 : []
AUDIT QIT.TransitionPaperData.vectors._closed_139 : []
AUDIT QIT.TransitionPaperData.vectors._closed_14 : []
AUDIT QIT.TransitionPaperData.vectors._closed_140 : []
AUDIT QIT.TransitionPaperData.vectors._closed_141 : []
AUDIT QIT.TransitionPaperData.vectors._closed_142 : []
AUDIT QIT.TransitionPaperData.vectors._closed_143 : []
AUDIT QIT.TransitionPaperData.vectors._closed_144 : []
AUDIT QIT.TransitionPaperData.vectors._closed_145 : []
AUDIT QIT.TransitionPaperData.vectors._closed_146 : []
AUDIT QIT.TransitionPaperData.vectors._closed_147 : []
AUDIT QIT.TransitionPaperData.vectors._closed_148 : []
AUDIT QIT.TransitionPaperData.vectors._closed_149 : []
AUDIT QIT.TransitionPaperData.vectors._closed_15 : []
AUDIT QIT.TransitionPaperData.vectors._closed_150 : []
AUDIT QIT.TransitionPaperData.vectors._closed_151 : []
AUDIT QIT.TransitionPaperData.vectors._closed_152 : []
AUDIT QIT.TransitionPaperData.vectors._closed_153 : []
AUDIT QIT.TransitionPaperData.vectors._closed_154 : []
AUDIT QIT.TransitionPaperData.vectors._closed_155 : []
AUDIT QIT.TransitionPaperData.vectors._closed_156 : []
AUDIT QIT.TransitionPaperData.vectors._closed_157 : []
AUDIT QIT.TransitionPaperData.vectors._closed_158 : []
AUDIT QIT.TransitionPaperData.vectors._closed_159 : []
AUDIT QIT.TransitionPaperData.vectors._closed_16 : []
AUDIT QIT.TransitionPaperData.vectors._closed_160 : []
AUDIT QIT.TransitionPaperData.vectors._closed_161 : []
AUDIT QIT.TransitionPaperData.vectors._closed_162 : []
AUDIT QIT.TransitionPaperData.vectors._closed_163 : []
AUDIT QIT.TransitionPaperData.vectors._closed_164 : []
AUDIT QIT.TransitionPaperData.vectors._closed_165 : []
AUDIT QIT.TransitionPaperData.vectors._closed_166 : []
AUDIT QIT.TransitionPaperData.vectors._closed_167 : []
AUDIT QIT.TransitionPaperData.vectors._closed_168 : []
AUDIT QIT.TransitionPaperData.vectors._closed_169 : []
AUDIT QIT.TransitionPaperData.vectors._closed_17 : []
AUDIT QIT.TransitionPaperData.vectors._closed_170 : []
AUDIT QIT.TransitionPaperData.vectors._closed_171 : []
AUDIT QIT.TransitionPaperData.vectors._closed_172 : []
AUDIT QIT.TransitionPaperData.vectors._closed_173 : []
AUDIT QIT.TransitionPaperData.vectors._closed_174 : []
AUDIT QIT.TransitionPaperData.vectors._closed_175 : []
AUDIT QIT.TransitionPaperData.vectors._closed_176 : []
AUDIT QIT.TransitionPaperData.vectors._closed_177 : []
AUDIT QIT.TransitionPaperData.vectors._closed_178 : []
AUDIT QIT.TransitionPaperData.vectors._closed_179 : []
AUDIT QIT.TransitionPaperData.vectors._closed_18 : []
AUDIT QIT.TransitionPaperData.vectors._closed_180 : []
AUDIT QIT.TransitionPaperData.vectors._closed_181 : []
AUDIT QIT.TransitionPaperData.vectors._closed_182 : []
AUDIT QIT.TransitionPaperData.vectors._closed_183 : []
AUDIT QIT.TransitionPaperData.vectors._closed_184 : []
AUDIT QIT.TransitionPaperData.vectors._closed_185 : []
AUDIT QIT.TransitionPaperData.vectors._closed_186 : []
AUDIT QIT.TransitionPaperData.vectors._closed_187 : []
AUDIT QIT.TransitionPaperData.vectors._closed_188 : []
AUDIT QIT.TransitionPaperData.vectors._closed_189 : []
AUDIT QIT.TransitionPaperData.vectors._closed_19 : []
AUDIT QIT.TransitionPaperData.vectors._closed_190 : []
AUDIT QIT.TransitionPaperData.vectors._closed_191 : []
AUDIT QIT.TransitionPaperData.vectors._closed_192 : []
AUDIT QIT.TransitionPaperData.vectors._closed_193 : []
AUDIT QIT.TransitionPaperData.vectors._closed_194 : []
AUDIT QIT.TransitionPaperData.vectors._closed_195 : []
AUDIT QIT.TransitionPaperData.vectors._closed_196 : []
AUDIT QIT.TransitionPaperData.vectors._closed_197 : []
AUDIT QIT.TransitionPaperData.vectors._closed_198 : []
AUDIT QIT.TransitionPaperData.vectors._closed_199 : []
AUDIT QIT.TransitionPaperData.vectors._closed_2 : []
AUDIT QIT.TransitionPaperData.vectors._closed_20 : []
AUDIT QIT.TransitionPaperData.vectors._closed_200 : []
AUDIT QIT.TransitionPaperData.vectors._closed_201 : []
AUDIT QIT.TransitionPaperData.vectors._closed_202 : []
AUDIT QIT.TransitionPaperData.vectors._closed_203 : []
AUDIT QIT.TransitionPaperData.vectors._closed_204 : []
AUDIT QIT.TransitionPaperData.vectors._closed_205 : []
AUDIT QIT.TransitionPaperData.vectors._closed_206 : []
AUDIT QIT.TransitionPaperData.vectors._closed_207 : []
AUDIT QIT.TransitionPaperData.vectors._closed_208 : []
AUDIT QIT.TransitionPaperData.vectors._closed_209 : []
AUDIT QIT.TransitionPaperData.vectors._closed_21 : []
AUDIT QIT.TransitionPaperData.vectors._closed_210 : []
AUDIT QIT.TransitionPaperData.vectors._closed_211 : []
AUDIT QIT.TransitionPaperData.vectors._closed_22 : []
AUDIT QIT.TransitionPaperData.vectors._closed_23 : []
AUDIT QIT.TransitionPaperData.vectors._closed_24 : []
AUDIT QIT.TransitionPaperData.vectors._closed_25 : []
AUDIT QIT.TransitionPaperData.vectors._closed_26 : []
AUDIT QIT.TransitionPaperData.vectors._closed_27 : []
AUDIT QIT.TransitionPaperData.vectors._closed_28 : []
AUDIT QIT.TransitionPaperData.vectors._closed_29 : []
AUDIT QIT.TransitionPaperData.vectors._closed_3 : []
AUDIT QIT.TransitionPaperData.vectors._closed_30 : []
AUDIT QIT.TransitionPaperData.vectors._closed_31 : []
AUDIT QIT.TransitionPaperData.vectors._closed_32 : []
AUDIT QIT.TransitionPaperData.vectors._closed_33 : []
AUDIT QIT.TransitionPaperData.vectors._closed_34 : []
AUDIT QIT.TransitionPaperData.vectors._closed_35 : []
AUDIT QIT.TransitionPaperData.vectors._closed_36 : []
AUDIT QIT.TransitionPaperData.vectors._closed_37 : []
AUDIT QIT.TransitionPaperData.vectors._closed_38 : []
AUDIT QIT.TransitionPaperData.vectors._closed_39 : []
AUDIT QIT.TransitionPaperData.vectors._closed_4 : []
AUDIT QIT.TransitionPaperData.vectors._closed_40 : []
AUDIT QIT.TransitionPaperData.vectors._closed_41 : []
AUDIT QIT.TransitionPaperData.vectors._closed_42 : []
AUDIT QIT.TransitionPaperData.vectors._closed_43 : []
AUDIT QIT.TransitionPaperData.vectors._closed_44 : []
AUDIT QIT.TransitionPaperData.vectors._closed_45 : []
AUDIT QIT.TransitionPaperData.vectors._closed_46 : []
AUDIT QIT.TransitionPaperData.vectors._closed_47 : []
AUDIT QIT.TransitionPaperData.vectors._closed_48 : []
AUDIT QIT.TransitionPaperData.vectors._closed_49 : []
AUDIT QIT.TransitionPaperData.vectors._closed_5 : []
AUDIT QIT.TransitionPaperData.vectors._closed_50 : []
AUDIT QIT.TransitionPaperData.vectors._closed_51 : []
AUDIT QIT.TransitionPaperData.vectors._closed_52 : []
AUDIT QIT.TransitionPaperData.vectors._closed_53 : []
AUDIT QIT.TransitionPaperData.vectors._closed_54 : []
AUDIT QIT.TransitionPaperData.vectors._closed_55 : []
AUDIT QIT.TransitionPaperData.vectors._closed_56 : []
AUDIT QIT.TransitionPaperData.vectors._closed_57 : []
AUDIT QIT.TransitionPaperData.vectors._closed_58 : []
AUDIT QIT.TransitionPaperData.vectors._closed_59 : []
AUDIT QIT.TransitionPaperData.vectors._closed_6 : []
AUDIT QIT.TransitionPaperData.vectors._closed_60 : []
AUDIT QIT.TransitionPaperData.vectors._closed_61 : []
AUDIT QIT.TransitionPaperData.vectors._closed_62 : []
AUDIT QIT.TransitionPaperData.vectors._closed_63 : []
AUDIT QIT.TransitionPaperData.vectors._closed_64 : []
AUDIT QIT.TransitionPaperData.vectors._closed_65 : []
AUDIT QIT.TransitionPaperData.vectors._closed_66 : []
AUDIT QIT.TransitionPaperData.vectors._closed_67 : []
AUDIT QIT.TransitionPaperData.vectors._closed_68 : []
AUDIT QIT.TransitionPaperData.vectors._closed_69 : []
AUDIT QIT.TransitionPaperData.vectors._closed_7 : []
AUDIT QIT.TransitionPaperData.vectors._closed_70 : []
AUDIT QIT.TransitionPaperData.vectors._closed_71 : []
AUDIT QIT.TransitionPaperData.vectors._closed_72 : []
AUDIT QIT.TransitionPaperData.vectors._closed_73 : []
AUDIT QIT.TransitionPaperData.vectors._closed_74 : []
AUDIT QIT.TransitionPaperData.vectors._closed_75 : []
AUDIT QIT.TransitionPaperData.vectors._closed_76 : []
AUDIT QIT.TransitionPaperData.vectors._closed_77 : []
AUDIT QIT.TransitionPaperData.vectors._closed_78 : []
AUDIT QIT.TransitionPaperData.vectors._closed_79 : []
AUDIT QIT.TransitionPaperData.vectors._closed_8 : []
AUDIT QIT.TransitionPaperData.vectors._closed_80 : []
AUDIT QIT.TransitionPaperData.vectors._closed_81 : []
AUDIT QIT.TransitionPaperData.vectors._closed_82 : []
AUDIT QIT.TransitionPaperData.vectors._closed_83 : []
AUDIT QIT.TransitionPaperData.vectors._closed_84 : []
AUDIT QIT.TransitionPaperData.vectors._closed_85 : []
AUDIT QIT.TransitionPaperData.vectors._closed_86 : []
AUDIT QIT.TransitionPaperData.vectors._closed_87 : []
AUDIT QIT.TransitionPaperData.vectors._closed_88 : []
AUDIT QIT.TransitionPaperData.vectors._closed_89 : []
AUDIT QIT.TransitionPaperData.vectors._closed_9 : []
AUDIT QIT.TransitionPaperData.vectors._closed_90 : []
AUDIT QIT.TransitionPaperData.vectors._closed_91 : []
AUDIT QIT.TransitionPaperData.vectors._closed_92 : []
AUDIT QIT.TransitionPaperData.vectors._closed_93 : []
AUDIT QIT.TransitionPaperData.vectors._closed_94 : []
AUDIT QIT.TransitionPaperData.vectors._closed_95 : []
AUDIT QIT.TransitionPaperData.vectors._closed_96 : []
AUDIT QIT.TransitionPaperData.vectors._closed_97 : []
AUDIT QIT.TransitionPaperData.vectors._closed_98 : []
AUDIT QIT.TransitionPaperData.vectors._closed_99 : []
AUDIT QIT.TransitionPaperData.vectors._lam_0 : []
AUDIT QIT.TransitionPaperData.vectors._lam_1 : []
AUDIT QIT.TransitionPaperData.vectors._lam_126 : []
AUDIT QIT.TransitionPaperData.vectors._lam_2 : []
AUDIT QIT.erasureEmbed._redArg._closed_0 : []
AUDIT QIT.erasureEmbed._redArg._closed_1 : []
AUDIT QIT.erasureEmbed._redArg._closed_2 : []
AUDIT QIT.erasureEmbed._redArg._lam_0 : []
AUDIT QIT.erasureEmbed._redArg._lam_1 : []
AUDIT QIT.erasureEmbed._redArg._lam_2 : []
AUDIT QIT.sumSwapM._lam_0._closed_0 : []
AUDIT QIT.sumSwapMap._redArg._closed_0 : []
AUDIT QIT.sumSwapMap._redArg._closed_1 : []
AUDIT QIT.sumSwapMap._redArg._lam_0 : []
AUDIT QIT.sumSwapMap._redArg._lam_1 : []
AUDIT _private.QIT.Coding.Private.BinaryHolevo.0.QIT.BinaryPreparation.residual_reconstruct._abel_1_1 : [propext,
 Classical.choice,
 Quot.sound]
AUDIT _private.QIT.Coding.Private.CapacityBounds.0.QIT.Channel.privateInformationWith_le_privateCapacity._proof_1_2 : [propext,
 Quot.sound]
AUDIT _private.QIT.Coding.Private.DominatedCoin.0.QIT.DominatedCoin.corrected._proof_1 : [propext]
AUDIT _private.QIT.Coding.Private.GeneralErasure.0.QIT.Erasure.kraus_apply._simp_1_4 : [propext, Quot.sound]
AUDIT _private.QIT.Coding.Private.GeneralErasure.0.QIT.Erasure.sqrt_conjugation._simp_1_1 : []
AUDIT _private.QIT.Coding.Private.GeneralErasure.0.QIT.Erasure.sqrt_conjugation._simp_1_2 : [propext,
 Classical.choice,
 Quot.sound]
AUDIT _private.QIT.Coding.Private.HalfErasure.0.QIT.erasureKraus.match_1.eq_1 : []
AUDIT _private.QIT.Coding.Private.HalfErasure.0.QIT.erasureKraus.match_1.eq_2 : []
AUDIT _private.QIT.Coding.Private.HalfErasure.0.QIT.erasureKraus.match_1.splitter : []
AUDIT _private.QIT.Coding.Private.TransitionChannel.0.QIT.Transition.h_pos._simp_1_1 : [propext,
 Classical.choice,
 Quot.sound]
AUDIT _private.QIT.Coding.Private.TransitionChannel.0.QIT.Transition.simulator_single._simp_1_2 : [propext,
 Classical.choice,
 Quot.sound]
AUDIT _private.QIT.Coding.Private.TransitionChannel.0.QIT.Transition.simulator_single._simp_1_3 : [propext]
AUDIT _private.QIT.Coding.Private.TransitionChannel.0.QIT.Transition.simulator_single._simp_1_4 : [propext]
AUDIT _private.QIT.Coding.Private.TransitionChannel.0.QIT.Transition.simulator_single._simp_1_5 : [propext]
AUDIT _private.QIT.Coding.Private.TransitionChannel.0.QIT.Transition.simulator_single._simp_1_6 : [propext]
AUDIT _private.QIT.Coding.Private.TransitionChannel.0.QIT.Transition.simulator_single._simp_1_7 : [propext]
AUDIT _private.QIT.Coding.Private.TransitionChannel.0.QIT.Transition.simulator_single._simp_1_8 : [propext,
 Classical.choice,
 Quot.sound]
AUDIT _private.QIT.Coding.Private.TransitionChannel.0.QIT.Transition.simulator_single._simp_1_9 : [propext]
AUDIT _private.QIT.Coding.Private.TransitionChannel.0.QIT.Transition.simulator_tracePreserving._simp_1_1 : [propext,
 Classical.choice,
 Quot.sound]
AUDIT _private.QIT.Coding.Private.TransitionChannel.0.QIT.Transition.simulator_tracePreserving._simp_1_2 : [propext,
 Classical.choice,
 Quot.sound]
AUDIT _private.QIT.Coding.Private.TransitionChannel.0.QIT.Transition.simulator_tracePreserving._simp_1_3 : [propext]
AUDIT _private.QIT.Coding.Private.TransitionChannel.0.QIT.Transition.simulator_tracePreserving._simp_1_4 : [propext]
AUDIT _private.QIT.Coding.Private.TransitionChannel.0.QIT.Transition.simulator_tracePreserving._simp_1_5 : [propext]
AUDIT _private.QIT.Coding.Private.TransitionChannel.0.QIT.Transition.simulator_tracePreserving._simp_1_6 : [propext]
AUDIT _private.QIT.Coding.Private.TransitionChannel.0.QIT.Transition.simulator_tracePreserving._simp_1_7 : [propext]
AUDIT _private.QIT.Coding.Private.TransitionChannel.0.QIT.Transition.simulator_tracePreserving._simp_1_8 : [propext,
 Classical.choice,
 Quot.sound]
AUDIT _private.QIT.Coding.Private.TransitionChannel.0.QIT.Transition.simulator_tracePreserving._simp_1_9 : [propext]
AUDIT _private.QIT.Coding.Private.TransitionChannelData.0.QIT.TransitionData.completeness._proof_1_1 : [propext,
 Classical.choice,
 Quot.sound]
AUDIT _private.QIT.Coding.Private.TransitionChannelData.0.QIT.TransitionData.flat._proof_1 : [propext, Quot.sound]
AUDIT _private.QIT.Coding.Private.TransitionChannelData.0.QIT.TransitionData.h_gram._proof_1_1 : [propext,
 Classical.choice,
 Quot.sound]
AUDIT _private.QIT.Coding.Private.TransitionChannelData.0.QIT.TransitionData.h_partialTrace._proof_1_1 : [propext,
 Classical.choice,
 Quot.sound]
AUDIT _private.QIT.Coding.Private.TransitionChannelData.0.QIT.TransitionData.simulation._proof_1_1 : [propext,
 Classical.choice,
 Quot.sound]
AUDIT _private.QIT.Coding.Private.TransitionEncoding.0.QIT.Transition.epsilon_entry._simp_1_1 : [propext, Quot.sound]
AUDIT _private.QIT.Coding.Private.TransitionEncoding.0.QIT.Transition.epsilon_entry._simp_1_2 : [propext, Quot.sound]
AUDIT _private.QIT.Coding.Private.TransitionEncoding.0.QIT.Transition.inputState._simp_1 : [propext,
 Classical.choice,
 Quot.sound]
AUDIT _private.QIT.Coding.Private.TransitionEncodingData.0.QIT.TransitionEncodingData.envFlat._proof_1 : [propext,
 Quot.sound]
AUDIT _private.QIT.Coding.Private.TransitionEncodingData.0.QIT.TransitionEncodingData.environment_blocks._proof_1_1 : [propext,
 Classical.choice,
 Quot.sound]
AUDIT _private.QIT.Coding.Private.TransitionEncodingData.0.QIT.TransitionEncodingData.epsilon_diagonal._proof_1_1 : [propext,
 Classical.choice,
 Quot.sound]
AUDIT _private.QIT.Coding.Private.TransitionEncodingData.0.QIT.TransitionEncodingData.epsilon_order._proof_1_1 : [propext,
 Classical.choice,
 Quot.sound]
AUDIT _private.QIT.Coding.Private.TransitionEncodingData.0.QIT.TransitionEncodingData.event._proof_1_1 : [propext,
 Classical.choice,
 Quot.sound]
AUDIT _private.QIT.Coding.Private.TransitionEncodingData.0.QIT.TransitionEncodingData.helper_marginal._proof_1_1 : [propext,
 Classical.choice,
 Quot.sound]
AUDIT _private.QIT.Coding.Private.TransitionEncodingData.0.QIT.TransitionEncodingData.inputFlat._proof_1 : [propext,
 Quot.sound]
AUDIT _private.QIT.Coding.Private.TransitionEncodingData.0.QIT.TransitionEncodingData.orderWeights_nonneg._proof_1_1 : [propext,
 Classical.choice,
 Quot.sound]
AUDIT _private.QIT.Coding.Private.TransitionEncodingData.0.QIT.TransitionEncodingData.order_gram._proof_1_1 : [propext,
 Classical.choice,
 Quot.sound]
AUDIT _private.QIT.Coding.Private.TransitionEncodingData.0.QIT.TransitionEncodingData.rho_trace._proof_1_1 : [propext,
 Classical.choice,
 Quot.sound]
AUDIT _private.QIT.Coding.Private.TransitionEncodingData.0.QIT.TransitionEncodingData.signal_projector._proof_1_1 : [propext,
 Classical.choice,
 Quot.sound]
AUDIT _private.QIT.Coding.Private.TransitionPaperData.0.QIT.TransitionPaperData.codeProjector_idempotent._proof_1_1 : [propext,
 Classical.choice,
 Quot.sound]
AUDIT _private.QIT.Coding.Private.TransitionPaperData.0.QIT.TransitionPaperData.error_detection._proof_1_1 : [propext,
 Classical.choice,
 Quot.sound]
AUDIT _private.QIT.Coding.Private.TransitionPaperData.0.QIT.TransitionPaperData.m_ldl._proof_1_1 : [propext,
 Classical.choice,
 Quot.sound]
AUDIT _private.QIT.Coding.Private.TransitionPaperData.0.QIT.TransitionPaperData.pivots_pos._proof_1_1 : [propext,
 Classical.choice,
 Quot.sound]
AUDIT _private.QIT.Coding.Private.TransitionPaperData.0.QIT.TransitionPaperData.reflect._proof_1 : [propext, Quot.sound]
AUDIT _private.QIT.Coding.Private.TransitionPaperData.0.QIT.TransitionPaperData.reflection_orthogonal._proof_1_1 : [propext,
 Classical.choice,
 Quot.sound]
AUDIT _private.QIT.Coding.Private.TransitionPaperData.0.QIT.TransitionPaperData.simulator_formula._proof_1_1 : [propext,
 Classical.choice,
 Quot.sound]
AUDIT _private.QIT.Coding.Private.TransitionProduct.0.QIT.Transition.erasedEmbed_isometry._simp_1_2 : [propext]
AUDIT _private.QIT.Coding.Private.TransitionProduct.0.QIT.Transition.receiverEmbed_isometry._simp_1_2 : [propext]
AUDIT _private.QIT.Coding.Private.TransitionProduct.0.QIT.Transition.referenceEmbed_isometry._simp_1_2 : [propext]
AUDIT _private.QIT.Coding.Private.TransitionSuperactivation.0.QIT.Transition.amplitude_rate_identity._simp_1_1 : [propext]
AUDIT _private.QIT.Coding.Private.TransitionSuperactivation.0.QIT.Transition.amplitude_rate_identity._simp_1_2 : [propext]
AUDIT _private.QIT.Coding.Private.TransitionSuperactivation.0.QIT.Transition.amplitude_rate_identity._simp_1_3 : [propext]
AUDIT _private.QIT.Coding.Private.TransitionSuperactivation.0.QIT.Transition.amplitude_rate_identity._simp_1_4 : [propext]
AUDIT _private.QIT.Coding.Private.TransitionSuperactivation.0.QIT.Transition.amplitude_rate_identity._simp_1_5 : [propext]
AUDIT _private.QIT.Coding.Private.TransitionSuperactivation.0.QIT.Transition.amplitude_rate_identity._simp_1_6 : [propext,
 Classical.choice,
 Quot.sound]
AUDIT _private.QIT.Coding.Private.TransitionSuperactivation.0.QIT.Transition.amplitude_rate_identity._simp_1_7 : [propext]
AUDIT QIT.BinaryPreparation.bernoulliState._redArg._lam_0 : []
AUDIT QIT.Ensemble.constantEnsemble._redArg._closed_0 : []
AUDIT QIT.Ensemble.constantEnsemble._redArg._lam_0 : []
AUDIT QIT.Ensemble.constantEnsemble._redArg._lam_1 : []
AUDIT QIT.Ensemble.tensorPowerOne._redArg._lam_0 : []
AUDIT QIT.Ensemble.transposeEnsemble._redArg._lam_0 : []
AUDIT QIT.Transition.erasedEmbed._lam_0._boxed : []
AUDIT QIT.Transition.inputState._lam_0._boxed : []
AUDIT QIT.Transition.mixedSignal._redArg._lam_0 : []
AUDIT QIT.Transition.receiverEmbed._lam_0._closed_0 : []
AUDIT QIT.Transition.referenceEmbed._lam_0._boxed : []
AUDIT QIT.Transition.referenceEmbed._lam_0._closed_0 : []
AUDIT QIT.Transition.referenceEmbed._lam_1._closed_0 : []
AUDIT QIT.Transition.referenceEmbed._lam_1._closed_1 : []
AUDIT QIT.Transition.referenceEmbed._lam_1._closed_2 : []
AUDIT QIT.TransitionData.errors._lam_0._boxed : []
AUDIT QIT.TransitionData.errors._lam_1._boxed : []
AUDIT QIT.TransitionData.errors._lam_10._boxed : []
AUDIT QIT.TransitionData.errors._lam_2._boxed : []
AUDIT QIT.TransitionData.errors._lam_20._boxed : []
AUDIT QIT.TransitionData.errors._lam_3._boxed : []
AUDIT QIT.TransitionEncodingData.bob._lam_0._boxed : []
AUDIT QIT.TransitionEncodingData.bob._lam_1._boxed : []
AUDIT QIT.TransitionEncodingData.bob._lam_2._boxed : []
AUDIT QIT.TransitionEncodingData.bob._lam_2._closed_0 : []
AUDIT QIT.TransitionEncodingData.env._lam_0._boxed : []
AUDIT QIT.TransitionEncodingData.env._lam_1._boxed : []
AUDIT QIT.TransitionEncodingData.env._lam_2._boxed : []
AUDIT QIT.TransitionEncodingData.supportTable._lam_1._boxed : []
AUDIT QIT.TransitionEncodingData.supportTable._lam_32._boxed : []
AUDIT QIT.TransitionEncodingData.v0._lam_0._boxed : []
AUDIT QIT.TransitionEncodingData.v0._lam_1._boxed : []
AUDIT QIT.TransitionPaperData.permutation._lam_0._boxed : []
AUDIT QIT.TransitionPaperData.permutation._lam_1._boxed : []
AUDIT QIT.TransitionPaperData.q._lam_0._boxed : []
AUDIT QIT.TransitionPaperData.vectors._lam_0._boxed : []
AUDIT QIT.TransitionPaperData.vectors._lam_1._boxed : []
AUDIT QIT.TransitionPaperData.vectors._lam_126._boxed : []
AUDIT QIT.TransitionPaperData.vectors._lam_2._boxed : []
AUDIT QIT.erasureEmbed._redArg._lam_0._boxed : []
AUDIT QIT.erasureEmbed._redArg._lam_0._closed_0 : []
AUDIT QIT.erasureEmbed._redArg._lam_1._boxed : []
AUDIT QIT.erasureEmbed._redArg._lam_1._closed_0 : []
AUDIT _private.QIT.Coding.Private.GeneralErasure.0.QIT.Erasure.kraus.match_1.eq_1 : []
AUDIT _private.QIT.Coding.Private.GeneralErasure.0.QIT.Erasure.kraus.match_1.eq_2 : []
AUDIT _private.QIT.Coding.Private.GeneralErasure.0.QIT.Erasure.kraus.match_1.splitter : []
AUDIT _private.QIT.Coding.Private.HalfErasure.0.QIT.erasureKraus.match_1.splitter._boxed : []
AUDIT _private.QIT.Coding.Private.HalfErasure.0.QIT.erasureKraus.match_1.splitter._redArg : []
AUDIT QIT.BinaryPreparation.bernoulliState._redArg._lam_0._boxed : []
AUDIT QIT.Ensemble.tensorPowerOne._redArg._lam_0._boxed : []
AUDIT QIT.Transition.mixedSignal._redArg._lam_0._boxed : []
AUDIT _private.QIT.Coding.Private.GeneralErasure.0.QIT.Erasure.kraus.match_1.splitter._boxed : []
AUDIT _private.QIT.Coding.Private.GeneralErasure.0.QIT.Erasure.kraus.match_1.splitter._redArg : []
AUDIT Complex.mulAux._at_.QIT.Transition.mixedSignal.spec_0 : []
AUDIT Finset.sum._at_.QIT.TransitionEncodingData.bob.spec_0 : []
AUDIT Finset.sum._at_.QIT.TransitionPaperData.q.spec_0 : []
AUDIT Nat.cast._at_.QIT.TransitionData.errors.spec_0 : []
AUDIT Nat.cast._at_.QIT.TransitionEncodingData.v0.spec_0 : []
AUDIT Nat.cast._at_.QIT.TransitionPaperData.vectors.spec_0 : []
AUDIT Rat.cast._at_.QIT.Transition.error.spec_0 : []
AUDIT Rat.cast._at_.QIT.Transition.inputState.spec_0 : []
AUDIT Finset.sum._at_.QIT.TransitionEncodingData.bob.spec_0._redArg : []
AUDIT Finset.sum._at_.QIT.TransitionPaperData.q.spec_0._redArg : []
AUDIT QIT.Classical.diagonalState._at_.QIT.BinaryPreparation.bernoulliState.spec_0 : []
AUDIT QIT.Classical.diagonalState._at_.QIT.BinaryPreparation.bernoulliState.spec_0._redArg : []
AUDIT QIT.Classical.diagonalState._at_.QIT.BinaryPreparation.bernoulliState.spec_0._redArg._lam_0 : []
AUDIT QIT.Classical.diagonalState._at_.QIT.BinaryPreparation.bernoulliState.spec_0._redArg._lam_1 : []
AUDIT Multiset.sum._at_.Finset.sum._at_.QIT.TransitionEncodingData.bob.spec_0.spec_0 : []
AUDIT Multiset.sum._at_.Finset.sum._at_.QIT.TransitionPaperData.q.spec_0.spec_0 : []
AUDIT Nat.cast._at_.Nat.cast._at_.QIT.TransitionData.errors.spec_0.spec_0 : []
AUDIT Nat.cast._at_.Nat.cast._at_.QIT.TransitionEncodingData.v0.spec_0.spec_0 : []
AUDIT Nat.cast._at_.Nat.cast._at_.QIT.TransitionPaperData.vectors.spec_0.spec_0 : []
AUDIT QIT.Classical.diagonalState._at_.QIT.BinaryPreparation.bernoulliState.spec_0._redArg._lam_0._boxed : []
AUDIT QIT.Classical.diagonalState._at_.QIT.BinaryPreparation.bernoulliState.spec_0._redArg._lam_1._boxed : []
AUDIT Rat.cast._at_.Rat.cast._at_.QIT.Transition.error.spec_0.spec_0 : []
AUDIT Rat.cast._at_.Rat.cast._at_.QIT.Transition.inputState.spec_0.spec_0 : []
AUDIT Matrix.diagonal._at_.QIT.Classical.diagonalState._at_.QIT.BinaryPreparation.bernoulliState.spec_0.spec_0 : []
AUDIT Multiset.sum._at_.Finset.sum._at_.QIT.TransitionEncodingData.bob.spec_0.spec_0._closed_0 : []
AUDIT Multiset.sum._at_.Finset.sum._at_.QIT.TransitionPaperData.q.spec_0.spec_0._closed_0 : []
AUDIT Matrix.diagonal._at_.QIT.Classical.diagonalState._at_.QIT.BinaryPreparation.bernoulliState.spec_0.spec_0._boxed : []
AUDIT Matrix.diagonal._at_.QIT.Classical.diagonalState._at_.QIT.BinaryPreparation.bernoulliState.spec_0.spec_0._closed_0 : []
AUDIT Matrix.diagonal._at_.QIT.Classical.diagonalState._at_.QIT.BinaryPreparation.bernoulliState.spec_0.spec_0._lam_0 : []
AUDIT Matrix.diagonal._at_.QIT.Classical.diagonalState._at_.QIT.BinaryPreparation.bernoulliState.spec_0.spec_0._lam_0._boxed : []
AUDIT Matrix.diagonal._at_.QIT.Classical.diagonalState._at_.QIT.BinaryPreparation.bernoulliState.spec_0.spec_0._lam_0._closed_0 : []
AUDIT abs._at_.Rat.cast._at_.Rat.cast._at_.QIT.Transition.error.spec_0.spec_0.spec_1 : []
AUDIT abs._at_.Rat.cast._at_.Rat.cast._at_.QIT.Transition.inputState.spec_0.spec_0.spec_1 : []
AUDIT Rat.cast._at_.Rat.cast._at_.Rat.cast._at_.QIT.Transition.error.spec_0.spec_0.spec_2 : []
AUDIT Rat.cast._at_.Rat.cast._at_.Rat.cast._at_.QIT.Transition.inputState.spec_0.spec_0.spec_2 : []
AUDIT Rat.cast._at_.Rat.cast._at_.Rat.cast._at_.QIT.Transition.error.spec_0.spec_0.spec_2._lam_0 : []
AUDIT Rat.cast._at_.Rat.cast._at_.Rat.cast._at_.QIT.Transition.inputState.spec_0.spec_0.spec_2._lam_0 : []
AUDIT Rat.cast._at_.Rat.cast._at_.Rat.cast._at_.QIT.Transition.error.spec_0.spec_0.spec_2._lam_0._boxed : []
AUDIT Rat.cast._at_.Rat.cast._at_.Rat.cast._at_.QIT.Transition.inputState.spec_0.spec_0.spec_2._lam_0._boxed : []
AUDIT Rat.cast._at_.Rat.cast._at_.Rat.cast._at_.Rat.cast._at_.QIT.Transition.error.spec_0.spec_0.spec_2.spec_3 : []
AUDIT Rat.cast._at_.Rat.cast._at_.Rat.cast._at_.Rat.cast._at_.QIT.Transition.inputState.spec_0.spec_0.spec_2.spec_3 : []
AUDIT CauSeq.Completion.ofRat._at_.Rat.cast._at_.Rat.cast._at_.Rat.cast._at_.QIT.Transition.error.spec_0.spec_0.spec_2.spec_4 : []
AUDIT CauSeq.Completion.ofRat._at_.Rat.cast._at_.Rat.cast._at_.Rat.cast._at_.QIT.Transition.inputState.spec_0.spec_0.spec_2.spec_4 : []
AUDIT Rat.cast._at_.Rat.cast._at_.Rat.cast._at_.Rat.cast._at_.QIT.Transition.error.spec_0.spec_0.spec_2.spec_3._boxed : []
AUDIT Rat.cast._at_.Rat.cast._at_.Rat.cast._at_.Rat.cast._at_.QIT.Transition.inputState.spec_0.spec_0.spec_2.spec_3._boxed : []
AUDIT CauSeq.Completion.ofRat._at_.Rat.cast._at_.Rat.cast._at_.Rat.cast._at_.QIT.Transition.error.spec_0.spec_0.spec_2.spec_4._boxed : []
AUDIT CauSeq.Completion.ofRat._at_.Rat.cast._at_.Rat.cast._at_.Rat.cast._at_.QIT.Transition.error.spec_0.spec_0.spec_2.spec_4._redArg : []
AUDIT CauSeq.Completion.ofRat._at_.Rat.cast._at_.Rat.cast._at_.Rat.cast._at_.QIT.Transition.inputState.spec_0.spec_0.spec_2.spec_4._boxed : []
AUDIT CauSeq.Completion.ofRat._at_.Rat.cast._at_.Rat.cast._at_.Rat.cast._at_.QIT.Transition.inputState.spec_0.spec_0.spec_2.spec_4._redArg : []
AUDIT CauSeq.Completion.ofRat._at_.Rat.cast._at_.Rat.cast._at_.Rat.cast._at_.QIT.Transition.error.spec_0.spec_0.spec_2.spec_4._redArg._boxed : []
AUDIT CauSeq.Completion.ofRat._at_.Rat.cast._at_.Rat.cast._at_.Rat.cast._at_.QIT.Transition.inputState.spec_0.spec_0.spec_2.spec_4._redArg._boxed : []
AUDIT CauSeq.const._at_.CauSeq.Completion.ofRat._at_.Rat.cast._at_.Rat.cast._at_.Rat.cast._at_.QIT.Transition.error.spec_0.spec_0.spec_2.spec_4.spec_5 : []
AUDIT CauSeq.const._at_.CauSeq.Completion.ofRat._at_.Rat.cast._at_.Rat.cast._at_.Rat.cast._at_.QIT.Transition.inputState.spec_0.spec_0.spec_2.spec_4.spec_5 : []
AUDIT CauSeq.const._at_.CauSeq.Completion.ofRat._at_.Rat.cast._at_.Rat.cast._at_.Rat.cast._at_.QIT.Transition.error.spec_0.spec_0.spec_2.spec_4.spec_5._boxed : []
AUDIT CauSeq.const._at_.CauSeq.Completion.ofRat._at_.Rat.cast._at_.Rat.cast._at_.Rat.cast._at_.QIT.Transition.error.spec_0.spec_0.spec_2.spec_4.spec_5._redArg : []
AUDIT CauSeq.const._at_.CauSeq.Completion.ofRat._at_.Rat.cast._at_.Rat.cast._at_.Rat.cast._at_.QIT.Transition.inputState.spec_0.spec_0.spec_2.spec_4.spec_5._boxed : []
AUDIT CauSeq.const._at_.CauSeq.Completion.ofRat._at_.Rat.cast._at_.Rat.cast._at_.Rat.cast._at_.QIT.Transition.inputState.spec_0.spec_0.spec_2.spec_4.spec_5._redArg : []
AUDIT CauSeq.const._at_.CauSeq.Completion.ofRat._at_.Rat.cast._at_.Rat.cast._at_.Rat.cast._at_.QIT.Transition.error.spec_0.spec_0.spec_2.spec_4.spec_5._redArg._lam_0 : []
AUDIT CauSeq.const._at_.CauSeq.Completion.ofRat._at_.Rat.cast._at_.Rat.cast._at_.Rat.cast._at_.QIT.Transition.inputState.spec_0.spec_0.spec_2.spec_4.spec_5._redArg._lam_0 : []
AUDIT CauSeq.const._at_.CauSeq.Completion.ofRat._at_.Rat.cast._at_.Rat.cast._at_.Rat.cast._at_.QIT.Transition.error.spec_0.spec_0.spec_2.spec_4.spec_5._redArg._lam_0._boxed : []
AUDIT CauSeq.const._at_.CauSeq.Completion.ofRat._at_.Rat.cast._at_.Rat.cast._at_.Rat.cast._at_.QIT.Transition.inputState.spec_0.spec_0.spec_2.spec_4.spec_5._redArg._lam_0._boxed : []
EXACT_ENDPOINT_WITH_ONLY_PARAMETER_CONDITIONS_PASS
